Descrição,Data,Quantidade,PdCusto,PdVenda,Tecido,Estacao
Calça Verão Tactel,2013-01-01,32,20,40,Tactel,Verão
Calça Verão Cetim,2013-01-01,10,25,50,Cetim,Verão
Bermuda Verão Jeans,2013-01-01,39,15,30,Jeans,Verão
Blusa Verão Seda,2013-01-01,71,18,36,Seda,Verão
Camisa Verão Algodão,2013-01-01,8,22,44,Algodão,Verão
Cropped Verão Algodão,2013-01-01,9,10,20,Algodão,Verão
Saia Verão Viscose,2013-01-01,75,12,24,Viscose,Verão
Short Verão Jeans,2013-01-01,46,16,32,Jeans,Verão
T-shirt Verão Poliéster,2013-01-01,2,8,16,Poliéster,Verão
Vestido Verão Cetim,2013-01-01,39,30,60,Cetim,Verão
Vestido Verão Cetim,2013-02-01,3,30,60,Cetim,Verão
T-shirt Verão Poliéster,2013-02-01,4,8,16,Poliéster,Verão
Short Verão Jeans,2013-02-01,30,16,32,Jeans,Verão
Saia Verão Viscose,2013-02-01,0,12,24,Viscose,Verão
Cropped Verão Algodão,2013-02-01,0,10,20,Algodão,Verão
Calça Verão Cetim,2013-02-01,2,25,50,Cetim,Verão
Blusa Verão Seda,2013-02-01,0,18,36,Seda,Verão
Bermuda Verão Jeans,2013-02-01,35,15,30,Jeans,Verão
Calça Verão Tactel,2013-02-01,0,20,40,Tactel,Verão
Camisa Verão Algodão,2013-02-01,0,22,44,Algodão,Verão
Saia Verão Viscose,2013-11-01,78,12,24,Viscose,Verão
Vestido Verão Cetim,2013-11-01,18,30,60,Cetim,Verão
T-shirt Verão Poliéster,2013-11-01,29,8,16,Poliéster,Verão
Cropped Verão Algodão,2013-11-01,0,10,20,Algodão,Verão
Short Verão Jeans,2013-11-01,8,16,32,Jeans,Verão
Blusa Verão Seda,2013-11-01,32,18,36,Seda,Verão
Bermuda Verão Jeans,2013-11-01,0,15,30,Jeans,Verão
Camisa Verão Algodão,2013-11-01,43,22,44,Algodão,Verão
Calça Verão Cetim,2013-11-01,8,25,50,Cetim,Verão
Calça Verão Tactel,2013-11-01,20,20,40,Tactel,Verão
T-shirt Verão Poliéster,2013-12-01,9,8,16,Poliéster,Verão
Short Verão Jeans,2013-12-01,98,16,32,Jeans,Verão
Saia Verão Viscose,2013-12-01,31,12,24,Viscose,Verão
Cropped Verão Algodão,2013-12-01,0,10,20,Algodão,Verão
Vestido Verão Cetim,2013-12-01,63,30,60,Cetim,Verão
Blusa Verão Seda,2013-12-01,0,18,36,Seda,Verão
Bermuda Verão Jeans,2013-12-01,42,15,30,Jeans,Verão
Calça Verão Cetim,2013-12-01,0,25,50,Cetim,Verão
Calça Verão Tactel,2013-12-01,0,20,40,Tactel,Verão
Camisa Verão Algodão,2013-12-01,43,22,44,Algodão,Verão
Vestido Verão Cetim,2014-01-01,63,30,60,Cetim,Verão
T-shirt Verão Poliéster,2014-01-01,43,8,16,Poliéster,Verão
Short Verão Jeans,2014-01-01,33,16,32,Jeans,Verão
Saia Verão Viscose,2014-01-01,27,12,24,Viscose,Verão
Cropped Verão Algodão,2014-01-01,0,10,20,Algodão,Verão
Camisa Verão Algodão,2014-01-01,13,22,44,Algodão,Verão
Bermuda Verão Jeans,2014-01-01,23,15,30,Jeans,Verão
Calça Verão Cetim,2014-01-01,78,25,50,Cetim,Verão
Calça Verão Tactel,2014-01-01,53,20,40,Tactel,Verão
Blusa Verão Seda,2014-01-01,0,18,36,Seda,Verão
Saia Verão Viscose,2014-02-01,53,12,24,Viscose,Verão
Vestido Verão Cetim,2014-02-01,28,30,60,Cetim,Verão
T-shirt Verão Poliéster,2014-02-01,18,8,16,Poliéster,Verão
Short Verão Jeans,2014-02-01,65,16,32,Jeans,Verão
Cropped Verão Algodão,2014-02-01,81,10,20,Algodão,Verão
Bermuda Verão Jeans,2014-02-01,78,15,30,Jeans,Verão
Blusa Verão Seda,2014-02-01,15,18,36,Seda,Verão
Camisa Verão Algodão,2014-02-01,34,22,44,Algodão,Verão
Calça Verão Cetim,2014-02-01,58,25,50,Cetim,Verão
Calça Verão Tactel,2014-02-01,82,20,40,Tactel,Verão
Vestido Verão Cetim,2014-11-01,30,30,60,Cetim,Verão
T-shirt Verão Poliéster,2014-11-01,41,8,16,Poliéster,Verão
Short Verão Jeans,2014-11-01,8,16,32,Jeans,Verão
Saia Verão Viscose,2014-11-01,6,12,24,Viscose,Verão
Cropped Verão Algodão,2014-11-01,78,10,20,Algodão,Verão
Blusa Verão Seda,2014-11-01,99,18,36,Seda,Verão
Bermuda Verão Jeans,2014-11-01,48,15,30,Jeans,Verão
Calça Verão Cetim,2014-11-01,87,25,50,Cetim,Verão
Calça Verão Tactel,2014-11-01,64,20,40,Tactel,Verão
Camisa Verão Algodão,2014-11-01,29,22,44,Algodão,Verão
Saia Verão Viscose,2014-12-01,66,12,24,Viscose,Verão
Vestido Verão Cetim,2014-12-01,108,30,60,Cetim,Verão
T-shirt Verão Poliéster,2014-12-01,52,8,16,Poliéster,Verão
Short Verão Jeans,2014-12-01,110,16,32,Jeans,Verão
Cropped Verão Algodão,2014-12-01,0,10,20,Algodão,Verão
Calça Verão Tactel,2014-12-01,85,20,40,Tactel,Verão
Blusa Verão Seda,2014-12-01,59,18,36,Seda,Verão
Bermuda Verão Jeans,2014-12-01,46,15,30,Jeans,Verão
Calça Verão Cetim,2014-12-01,60,25,50,Cetim,Verão
Camisa Verão Algodão,2014-12-01,0,22,44,Algodão,Verão
Saia Verão Viscose,2015-01-01,50,12,24,Viscose,Verão
Vestido Verão Cetim,2015-01-01,71,30,60,Cetim,Verão
T-shirt Verão Poliéster,2015-01-01,112,8,16,Poliéster,Verão
Short Verão Jeans,2015-01-01,41,16,32,Jeans,Verão
Cropped Verão Algodão,2015-01-01,31,10,20,Algodão,Verão
Calça Verão Tactel,2015-01-01,43,20,40,Tactel,Verão
Blusa Verão Seda,2015-01-01,94,18,36,Seda,Verão
Bermuda Verão Jeans,2015-01-01,74,15,30,Jeans,Verão
Calça Verão Cetim,2015-01-01,43,25,50,Cetim,Verão
Camisa Verão Algodão,2015-01-01,81,22,44,Algodão,Verão
Vestido Verão Cetim,2015-02-01,67,30,60,Cetim,Verão
T-shirt Verão Poliéster,2015-02-01,99,8,16,Poliéster,Verão
Short Verão Jeans,2015-02-01,39,16,32,Jeans,Verão
Saia Verão Viscose,2015-02-01,53,12,24,Viscose,Verão
Cropped Verão Algodão,2015-02-01,51,10,20,Algodão,Verão
Blusa Verão Seda,2015-02-01,13,18,36,Seda,Verão
Bermuda Verão Jeans,2015-02-01,77,15,30,Jeans,Verão
Calça Verão Cetim,2015-02-01,77,25,50,Cetim,Verão
Calça Verão Tactel,2015-02-01,68,20,40,Tactel,Verão
Camisa Verão Algodão,2015-02-01,60,22,44,Algodão,Verão
Saia Verão Viscose,2015-11-01,18,12,24,Viscose,Verão
Vestido Verão Cetim,2015-11-01,54,30,60,Cetim,Verão
T-shirt Verão Poliéster,2015-11-01,58,8,16,Poliéster,Verão
Short Verão Jeans,2015-11-01,42,16,32,Jeans,Verão
Cropped Verão Algodão,2015-11-01,65,10,20,Algodão,Verão
Calça Verão Cetim,2015-11-01,86,25,50,Cetim,Verão
Blusa Verão Seda,2015-11-01,140,18,36,Seda,Verão
Calça Verão Tactel,2015-11-01,79,20,40,Tactel,Verão
Camisa Verão Algodão,2015-11-01,82,22,44,Algodão,Verão
Bermuda Verão Jeans,2015-11-01,71,15,30,Jeans,Verão
Calça Verão Tactel,2015-12-01,5,20,40,Tactel,Verão
Calça Verão Cetim,2015-12-01,74,25,50,Cetim,Verão
Bermuda Verão Jeans,2015-12-01,78,15,30,Jeans,Verão
Blusa Verão Seda,2015-12-01,165,18,36,Seda,Verão
Camisa Verão Algodão,2015-12-01,70,22,44,Algodão,Verão
Cropped Verão Algodão,2015-12-01,88,10,20,Algodão,Verão
Saia Verão Viscose,2015-12-01,76,12,24,Viscose,Verão
Short Verão Jeans,2015-12-01,36,16,32,Jeans,Verão
T-shirt Verão Poliéster,2015-12-01,120,8,16,Poliéster,Verão
Vestido Verão Cetim,2015-12-01,106,30,60,Cetim,Verão
Vestido Verão Cetim,2016-01-01,108,30,60,Cetim,Verão
T-shirt Verão Poliéster,2016-01-01,48,8,16,Poliéster,Verão
Short Verão Jeans,2016-01-01,131,16,32,Jeans,Verão
Saia Verão Viscose,2016-01-01,31,12,24,Viscose,Verão
Cropped Verão Algodão,2016-01-01,103,10,20,Algodão,Verão
Calça Verão Cetim,2016-01-01,161,25,50,Cetim,Verão
Blusa Verão Seda,2016-01-01,47,18,36,Seda,Verão
Bermuda Verão Jeans,2016-01-01,63,15,30,Jeans,Verão
Calça Verão Tactel,2016-01-01,88,20,40,Tactel,Verão
Camisa Verão Algodão,2016-01-01,66,22,44,Algodão,Verão
Saia Verão Viscose,2016-02-01,29,12,24,Viscose,Verão
Vestido Verão Cetim,2016-02-01,88,30,60,Cetim,Verão
T-shirt Verão Poliéster,2016-02-01,48,8,16,Poliéster,Verão
Short Verão Jeans,2016-02-01,104,16,32,Jeans,Verão
Cropped Verão Algodão,2016-02-01,54,10,20,Algodão,Verão
Calça Verão Cetim,2016-02-01,144,25,50,Cetim,Verão
Blusa Verão Seda,2016-02-01,60,18,36,Seda,Verão
Camisa Verão Algodão,2016-02-01,77,22,44,Algodão,Verão
Calça Verão Tactel,2016-02-01,119,20,40,Tactel,Verão
Bermuda Verão Jeans,2016-02-01,46,15,30,Jeans,Verão
Calça Verão Tactel,2016-11-01,99,20,40,Tactel,Verão
Calça Verão Cetim,2016-11-01,138,25,50,Cetim,Verão
Bermuda Verão Jeans,2016-11-01,34,15,30,Jeans,Verão
Blusa Verão Seda,2016-11-01,99,18,36,Seda,Verão
Camisa Verão Algodão,2016-11-01,102,22,44,Algodão,Verão
Saia Verão Viscose,2016-11-01,121,12,24,Viscose,Verão
Short Verão Jeans,2016-11-01,49,16,32,Jeans,Verão
T-shirt Verão Poliéster,2016-11-01,47,8,16,Poliéster,Verão
Vestido Verão Cetim,2016-11-01,114,30,60,Cetim,Verão
Cropped Verão Algodão,2016-11-01,106,10,20,Algodão,Verão
Cropped Verão Algodão,2016-12-01,105,10,20,Algodão,Verão
T-shirt Verão Poliéster,2016-12-01,109,8,16,Poliéster,Verão
Short Verão Jeans,2016-12-01,73,16,32,Jeans,Verão
Saia Verão Viscose,2016-12-01,106,12,24,Viscose,Verão
Vestido Verão Cetim,2016-12-01,109,30,60,Cetim,Verão
Camisa Verão Algodão,2016-12-01,73,22,44,Algodão,Verão
Bermuda Verão Jeans,2016-12-01,166,15,30,Jeans,Verão
Calça Verão Cetim,2016-12-01,117,25,50,Cetim,Verão
Calça Verão Tactel,2016-12-01,57,20,40,Tactel,Verão
Blusa Verão Seda,2016-12-01,125,18,36,Seda,Verão
Vestido Verão Cetim,2017-01-01,66,30,60,Cetim,Verão
T-shirt Verão Poliéster,2017-01-01,130,8,16,Poliéster,Verão
Short Verão Jeans,2017-01-01,144,16,32,Jeans,Verão
Saia Verão Viscose,2017-01-01,74,12,24,Viscose,Verão
Cropped Verão Algodão,2017-01-01,138,10,20,Algodão,Verão
Camisa Verão Algodão,2017-01-01,119,22,44,Algodão,Verão
Blusa Verão Seda,2017-01-01,134,18,36,Seda,Verão
Bermuda Verão Jeans,2017-01-01,174,15,30,Jeans,Verão
Calça Verão Cetim,2017-01-01,97,25,50,Cetim,Verão
Calça Verão Tactel,2017-01-01,79,20,40,Tactel,Verão
T-shirt Verão Poliéster,2017-02-01,75,8,16,Poliéster,Verão
Short Verão Jeans,2017-02-01,78,16,32,Jeans,Verão
Saia Verão Viscose,2017-02-01,105,12,24,Viscose,Verão
Cropped Verão Algodão,2017-02-01,121,10,20,Algodão,Verão
Vestido Verão Cetim,2017-02-01,119,30,60,Cetim,Verão
Blusa Verão Seda,2017-02-01,139,18,36,Seda,Verão
Bermuda Verão Jeans,2017-02-01,111,15,30,Jeans,Verão
Calça Verão Cetim,2017-02-01,163,25,50,Cetim,Verão
Calça Verão Tactel,2017-02-01,102,20,40,Tactel,Verão
Camisa Verão Algodão,2017-02-01,210,22,44,Algodão,Verão
T-shirt Verão Poliéster,2017-11-01,135,8,16,Poliéster,Verão
Short Verão Jeans,2017-11-01,82,16,32,Jeans,Verão
Saia Verão Viscose,2017-11-01,75,12,24,Viscose,Verão
Cropped Verão Algodão,2017-11-01,131,10,20,Algodão,Verão
Vestido Verão Cetim,2017-11-01,106,30,60,Cetim,Verão
Blusa Verão Seda,2017-11-01,141,18,36,Seda,Verão
Bermuda Verão Jeans,2017-11-01,133,15,30,Jeans,Verão
Calça Verão Cetim,2017-11-01,114,25,50,Cetim,Verão
Calça Verão Tactel,2017-11-01,86,20,40,Tactel,Verão
Camisa Verão Algodão,2017-11-01,63,22,44,Algodão,Verão
Vestido Verão Cetim,2017-12-01,102,30,60,Cetim,Verão
T-shirt Verão Poliéster,2017-12-01,149,8,16,Poliéster,Verão
Short Verão Jeans,2017-12-01,127,16,32,Jeans,Verão
Saia Verão Viscose,2017-12-01,75,12,24,Viscose,Verão
Cropped Verão Algodão,2017-12-01,126,10,20,Algodão,Verão
Camisa Verão Algodão,2017-12-01,134,22,44,Algodão,Verão
Bermuda Verão Jeans,2017-12-01,89,15,30,Jeans,Verão
Calça Verão Cetim,2017-12-01,127,25,50,Cetim,Verão
Calça Verão Tactel,2017-12-01,124,20,40,Tactel,Verão
Blusa Verão Seda,2017-12-01,82,18,36,Seda,Verão
Saia Verão Viscose,2018-01-01,136,12,24,Viscose,Verão
T-shirt Verão Poliéster,2018-01-01,144,8,16,Poliéster,Verão
Short Verão Jeans,2018-01-01,163,16,32,Jeans,Verão
Cropped Verão Algodão,2018-01-01,163,10,20,Algodão,Verão
Vestido Verão Cetim,2018-01-01,76,30,60,Cetim,Verão
Blusa Verão Seda,2018-01-01,92,18,36,Seda,Verão
Bermuda Verão Jeans,2018-01-01,145,15,30,Jeans,Verão
Calça Verão Cetim,2018-01-01,146,25,50,Cetim,Verão
Calça Verão Tactel,2018-01-01,146,20,40,Tactel,Verão
Camisa Verão Algodão,2018-01-01,267,22,44,Algodão,Verão
Vestido Verão Cetim,2018-02-01,149,30,60,Cetim,Verão
T-shirt Verão Poliéster,2018-02-01,170,8,16,Poliéster,Verão
Short Verão Jeans,2018-02-01,164,16,32,Jeans,Verão
Saia Verão Viscose,2018-02-01,154,12,24,Viscose,Verão
Cropped Verão Algodão,2018-02-01,119,10,20,Algodão,Verão
Camisa Verão Algodão,2018-02-01,159,22,44,Algodão,Verão
Blusa Verão Seda,2018-02-01,104,18,36,Seda,Verão
Bermuda Verão Jeans,2018-02-01,124,15,30,Jeans,Verão
Calça Verão Cetim,2018-02-01,116,25,50,Cetim,Verão
Calça Verão Tactel,2018-02-01,137,20,40,Tactel,Verão
T-shirt Verão Poliéster,2018-11-01,217,8,16,Poliéster,Verão
Short Verão Jeans,2018-11-01,67,16,32,Jeans,Verão
Saia Verão Viscose,2018-11-01,160,12,24,Viscose,Verão
Cropped Verão Algodão,2018-11-01,78,10,20,Algodão,Verão
Vestido Verão Cetim,2018-11-01,119,30,60,Cetim,Verão
Blusa Verão Seda,2018-11-01,176,18,36,Seda,Verão
Bermuda Verão Jeans,2018-11-01,140,15,30,Jeans,Verão
Calça Verão Cetim,2018-11-01,99,25,50,Cetim,Verão
Calça Verão Tactel,2018-11-01,113,20,40,Tactel,Verão
Camisa Verão Algodão,2018-11-01,163,22,44,Algodão,Verão
T-shirt Verão Poliéster,2018-12-01,113,8,16,Poliéster,Verão
Short Verão Jeans,2018-12-01,148,16,32,Jeans,Verão
Saia Verão Viscose,2018-12-01,142,12,24,Viscose,Verão
Cropped Verão Algodão,2018-12-01,118,10,20,Algodão,Verão
Vestido Verão Cetim,2018-12-01,219,30,60,Cetim,Verão
Blusa Verão Seda,2018-12-01,165,18,36,Seda,Verão
Bermuda Verão Jeans,2018-12-01,70,15,30,Jeans,Verão
Calça Verão Cetim,2018-12-01,150,25,50,Cetim,Verão
Calça Verão Tactel,2018-12-01,120,20,40,Tactel,Verão
Camisa Verão Algodão,2018-12-01,175,22,44,Algodão,Verão
Vestido Verão Cetim,2019-01-01,116,30,60,Cetim,Verão
T-shirt Verão Poliéster,2019-01-01,141,8,16,Poliéster,Verão
Short Verão Jeans,2019-01-01,164,16,32,Jeans,Verão
Saia Verão Viscose,2019-01-01,178,12,24,Viscose,Verão
Cropped Verão Algodão,2019-01-01,104,10,20,Algodão,Verão
Camisa Verão Algodão,2019-01-01,136,22,44,Algodão,Verão
Bermuda Verão Jeans,2019-01-01,131,15,30,Jeans,Verão
Calça Verão Cetim,2019-01-01,125,25,50,Cetim,Verão
Calça Verão Tactel,2019-01-01,213,20,40,Tactel,Verão
Blusa Verão Seda,2019-01-01,164,18,36,Seda,Verão
Saia Verão Viscose,2019-02-01,105,12,24,Viscose,Verão
T-shirt Verão Poliéster,2019-02-01,184,8,16,Poliéster,Verão
Short Verão Jeans,2019-02-01,228,16,32,Jeans,Verão
Cropped Verão Algodão,2019-02-01,189,10,20,Algodão,Verão
Vestido Verão Cetim,2019-02-01,98,30,60,Cetim,Verão
Blusa Verão Seda,2019-02-01,136,18,36,Seda,Verão
Calça Verão Tactel,2019-02-01,199,20,40,Tactel,Verão
Camisa Verão Algodão,2019-02-01,129,22,44,Algodão,Verão
Bermuda Verão Jeans,2019-02-01,171,15,30,Jeans,Verão
Calça Verão Cetim,2019-02-01,183,25,50,Cetim,Verão
T-shirt Verão Poliéster,2019-11-01,123,8,16,Poliéster,Verão
Short Verão Jeans,2019-11-01,154,16,32,Jeans,Verão
Saia Verão Viscose,2019-11-01,40,12,24,Viscose,Verão
Cropped Verão Algodão,2019-11-01,121,10,20,Algodão,Verão
Vestido Verão Cetim,2019-11-01,149,30,60,Cetim,Verão
Blusa Verão Seda,2019-11-01,114,18,36,Seda,Verão
Bermuda Verão Jeans,2019-11-01,218,15,30,Jeans,Verão
Calça Verão Cetim,2019-11-01,108,25,50,Cetim,Verão
Calça Verão Tactel,2019-11-01,144,20,40,Tactel,Verão
Camisa Verão Algodão,2019-11-01,165,22,44,Algodão,Verão
Vestido Verão Cetim,2019-12-01,213,30,60,Cetim,Verão
T-shirt Verão Poliéster,2019-12-01,110,8,16,Poliéster,Verão
Short Verão Jeans,2019-12-01,204,16,32,Jeans,Verão
Saia Verão Viscose,2019-12-01,163,12,24,Viscose,Verão
Cropped Verão Algodão,2019-12-01,128,10,20,Algodão,Verão
Camisa Verão Algodão,2019-12-01,181,22,44,Algodão,Verão
Bermuda Verão Jeans,2019-12-01,172,15,30,Jeans,Verão
Calça Verão Tactel,2019-12-01,144,20,40,Tactel,Verão
Blusa Verão Seda,2019-12-01,168,18,36,Seda,Verão
Calça Verão Cetim,2019-12-01,152,25,50,Cetim,Verão
Vestido Verão Cetim,2020-01-01,171,30,60,Cetim,Verão
Cropped Verão Algodão,2020-01-01,191,10,20,Algodão,Verão
T-shirt Verão Poliéster,2020-01-01,225,8,16,Poliéster,Verão
Short Verão Jeans,2020-01-01,124,16,32,Jeans,Verão
Saia Verão Viscose,2020-01-01,246,12,24,Viscose,Verão
Camisa Verão Algodão,2020-01-01,99,22,44,Algodão,Verão
Bermuda Verão Jeans,2020-01-01,165,15,30,Jeans,Verão
Calça Verão Cetim,2020-01-01,192,25,50,Cetim,Verão
Calça Verão Tactel,2020-01-01,181,20,40,Tactel,Verão
Blusa Verão Seda,2020-01-01,149,18,36,Seda,Verão
Vestido Verão Cetim,2020-02-01,165,30,60,Cetim,Verão
T-shirt Verão Poliéster,2020-02-01,155,8,16,Poliéster,Verão
Short Verão Jeans,2020-02-01,152,16,32,Jeans,Verão
Saia Verão Viscose,2020-02-01,204,12,24,Viscose,Verão
Cropped Verão Algodão,2020-02-01,187,10,20,Algodão,Verão
Blusa Verão Seda,2020-02-01,150,18,36,Seda,Verão
Bermuda Verão Jeans,2020-02-01,208,15,30,Jeans,Verão
Calça Verão Cetim,2020-02-01,187,25,50,Cetim,Verão
Calça Verão Tactel,2020-02-01,206,20,40,Tactel,Verão
Camisa Verão Algodão,2020-02-01,200,22,44,Algodão,Verão
Saia Verão Viscose,2020-11-01,148,12,24,Viscose,Verão
Vestido Verão Cetim,2020-11-01,158,30,60,Cetim,Verão
T-shirt Verão Poliéster,2020-11-01,206,8,16,Poliéster,Verão
Short Verão Jeans,2020-11-01,201,16,32,Jeans,Verão
Cropped Verão Algodão,2020-11-01,179,10,20,Algodão,Verão
Calça Verão Tactel,2020-11-01,185,20,40,Tactel,Verão
Blusa Verão Seda,2020-11-01,227,18,36,Seda,Verão
Bermuda Verão Jeans,2020-11-01,160,15,30,Jeans,Verão
Calça Verão Cetim,2020-11-01,202,25,50,Cetim,Verão
Camisa Verão Algodão,2020-11-01,175,22,44,Algodão,Verão
Saia Verão Viscose,2020-12-01,175,12,24,Viscose,Verão
T-shirt Verão Poliéster,2020-12-01,223,8,16,Poliéster,Verão
Short Verão Jeans,2020-12-01,214,16,32,Jeans,Verão
Vestido Verão Cetim,2020-12-01,214,30,60,Cetim,Verão
Cropped Verão Algodão,2020-12-01,232,10,20,Algodão,Verão
Bermuda Verão Jeans,2020-12-01,187,15,30,Jeans,Verão
Blusa Verão Seda,2020-12-01,211,18,36,Seda,Verão
Calça Verão Cetim,2020-12-01,176,25,50,Cetim,Verão
Calça Verão Tactel,2020-12-01,199,20,40,Tactel,Verão
Camisa Verão Algodão,2020-12-01,183,22,44,Algodão,Verão
Vestido Verão Cetim,2021-01-01,192,30,60,Cetim,Verão
T-shirt Verão Poliéster,2021-01-01,210,8,16,Poliéster,Verão
Short Verão Jeans,2021-01-01,160,16,32,Jeans,Verão
Saia Verão Viscose,2021-01-01,265,12,24,Viscose,Verão
Cropped Verão Algodão,2021-01-01,154,10,20,Algodão,Verão
Camisa Verão Algodão,2021-01-01,148,22,44,Algodão,Verão
Blusa Verão Seda,2021-01-01,233,18,36,Seda,Verão
Bermuda Verão Jeans,2021-01-01,221,15,30,Jeans,Verão
Calça Verão Cetim,2021-01-01,215,25,50,Cetim,Verão
Calça Verão Tactel,2021-01-01,216,20,40,Tactel,Verão
T-shirt Verão Poliéster,2021-02-01,194,8,16,Poliéster,Verão
Short Verão Jeans,2021-02-01,162,16,32,Jeans,Verão
Saia Verão Viscose,2021-02-01,198,12,24,Viscose,Verão
Cropped Verão Algodão,2021-02-01,171,10,20,Algodão,Verão
Vestido Verão Cetim,2021-02-01,231,30,60,Cetim,Verão
Blusa Verão Seda,2021-02-01,191,18,36,Seda,Verão
Bermuda Verão Jeans,2021-02-01,168,15,30,Jeans,Verão
Calça Verão Cetim,2021-02-01,186,25,50,Cetim,Verão
Calça Verão Tactel,2021-02-01,213,20,40,Tactel,Verão
Camisa Verão Algodão,2021-02-01,179,22,44,Algodão,Verão
T-shirt Verão Poliéster,2021-11-01,170,8,16,Poliéster,Verão
Short Verão Jeans,2021-11-01,209,16,32,Jeans,Verão
Saia Verão Viscose,2021-11-01,209,12,24,Viscose,Verão
Cropped Verão Algodão,2021-11-01,183,10,20,Algodão,Verão
Vestido Verão Cetim,2021-11-01,185,30,60,Cetim,Verão
Blusa Verão Seda,2021-11-01,210,18,36,Seda,Verão
Bermuda Verão Jeans,2021-11-01,151,15,30,Jeans,Verão
Calça Verão Cetim,2021-11-01,153,25,50,Cetim,Verão
Calça Verão Tactel,2021-11-01,178,20,40,Tactel,Verão
Camisa Verão Algodão,2021-11-01,197,22,44,Algodão,Verão
Vestido Verão Cetim,2021-12-01,216,30,60,Cetim,Verão
T-shirt Verão Poliéster,2021-12-01,259,8,16,Poliéster,Verão
Short Verão Jeans,2021-12-01,237,16,32,Jeans,Verão
Saia Verão Viscose,2021-12-01,201,12,24,Viscose,Verão
Cropped Verão Algodão,2021-12-01,206,10,20,Algodão,Verão
Camisa Verão Algodão,2021-12-01,171,22,44,Algodão,Verão
Bermuda Verão Jeans,2021-12-01,207,15,30,Jeans,Verão
Calça Verão Cetim,2021-12-01,198,25,50,Cetim,Verão
Calça Verão Tactel,2021-12-01,221,20,40,Tactel,Verão
Blusa Verão Seda,2021-12-01,180,18,36,Seda,Verão
Saia Verão Viscose,2022-01-01,229,12,24,Viscose,Verão
T-shirt Verão Poliéster,2022-01-01,266,8,16,Poliéster,Verão
Vestido Verão Cetim,2022-01-01,207,30,60,Cetim,Verão
Cropped Verão Algodão,2022-01-01,226,10,20,Algodão,Verão
Short Verão Jeans,2022-01-01,237,16,32,Jeans,Verão
Blusa Verão Seda,2022-01-01,199,18,36,Seda,Verão
Bermuda Verão Jeans,2022-01-01,222,15,30,Jeans,Verão
Calça Verão Cetim,2022-01-01,215,25,50,Cetim,Verão
Calça Verão Tactel,2022-01-01,218,20,40,Tactel,Verão
Camisa Verão Algodão,2022-01-01,187,22,44,Algodão,Verão
T-shirt Verão Poliéster,2022-02-01,217,8,16,Poliéster,Verão
Short Verão Jeans,2022-02-01,234,16,32,Jeans,Verão
Saia Verão Viscose,2022-02-01,269,12,24,Viscose,Verão
Cropped Verão Algodão,2022-02-01,252,10,20,Algodão,Verão
Vestido Verão Cetim,2022-02-01,295,30,60,Cetim,Verão
Blusa Verão Seda,2022-02-01,191,18,36,Seda,Verão
Bermuda Verão Jeans,2022-02-01,250,15,30,Jeans,Verão
Calça Verão Cetim,2022-02-01,226,25,50,Cetim,Verão
Calça Verão Tactel,2022-02-01,299,20,40,Tactel,Verão
Camisa Verão Algodão,2022-02-01,192,22,44,Algodão,Verão
Vestido Verão Cetim,2022-11-01,191,30,60,Cetim,Verão
T-shirt Verão Poliéster,2022-11-01,200,8,16,Poliéster,Verão
Short Verão Jeans,2022-11-01,146,16,32,Jeans,Verão
Saia Verão Viscose,2022-11-01,204,12,24,Viscose,Verão
Cropped Verão Algodão,2022-11-01,196,10,20,Algodão,Verão
Camisa Verão Algodão,2022-11-01,229,22,44,Algodão,Verão
Bermuda Verão Jeans,2022-11-01,237,15,30,Jeans,Verão
Calça Verão Cetim,2022-11-01,293,25,50,Cetim,Verão
Calça Verão Tactel,2022-11-01,260,20,40,Tactel,Verão
Blusa Verão Seda,2022-11-01,205,18,36,Seda,Verão
Saia Verão Viscose,2022-12-01,194,12,24,Viscose,Verão
T-shirt Verão Poliéster,2022-12-01,245,8,16,Poliéster,Verão
Short Verão Jeans,2022-12-01,180,16,32,Jeans,Verão
Vestido Verão Cetim,2022-12-01,294,30,60,Cetim,Verão
Cropped Verão Algodão,2022-12-01,271,10,20,Algodão,Verão
Bermuda Verão Jeans,2022-12-01,212,15,30,Jeans,Verão
Blusa Verão Seda,2022-12-01,168,18,36,Seda,Verão
Calça Verão Cetim,2022-12-01,279,25,50,Cetim,Verão
Calça Verão Tactel,2022-12-01,227,20,40,Tactel,Verão
Camisa Verão Algodão,2022-12-01,276,22,44,Algodão,Verão
Vestido Verão Cetim,2023-01-01,175,30,60,Cetim,Verão
T-shirt Verão Poliéster,2023-01-01,211,8,16,Poliéster,Verão
Saia Verão Viscose,2023-01-01,233,12,24,Viscose,Verão
Cropped Verão Algodão,2023-01-01,235,10,20,Algodão,Verão
Short Verão Jeans,2023-01-01,218,16,32,Jeans,Verão
Blusa Verão Seda,2023-01-01,257,18,36,Seda,Verão
Bermuda Verão Jeans,2023-01-01,197,15,30,Jeans,Verão
Calça Verão Cetim,2023-01-01,231,25,50,Cetim,Verão
Calça Verão Tactel,2023-01-01,241,20,40,Tactel,Verão
Camisa Verão Algodão,2023-01-01,255,22,44,Algodão,Verão
T-shirt Verão Poliéster,2023-02-01,263,8,16,Poliéster,Verão
Calça Verão Tactel,2023-02-01,198,20,40,Tactel,Verão
Calça Verão Cetim,2023-02-01,183,25,50,Cetim,Verão
Bermuda Verão Jeans,2023-02-01,285,15,30,Jeans,Verão
Blusa Verão Seda,2023-02-01,252,18,36,Seda,Verão
Camisa Verão Algodão,2023-02-01,213,22,44,Algodão,Verão
Cropped Verão Algodão,2023-02-01,297,10,20,Algodão,Verão
Saia Verão Viscose,2023-02-01,245,12,24,Viscose,Verão
Short Verão Jeans,2023-02-01,284,16,32,Jeans,Verão
Vestido Verão Cetim,2023-02-01,245,30,60,Cetim,Verão
Calça Outono Sarja,2013-03-01,22,22,44,Sarja,Outono
Calça Outono Algodão,2013-03-01,7,20,40,Algodão,Outono
Bermuda Outono Jeans,2013-03-01,27,18,36,Jeans,Outono
Blusa Outono Tricô,2013-03-01,48,16,32,Tricô,Outono
Camisa Outono Lã,2013-03-01,7,24,48,Lã,Outono
Cropped Outono Viscose,2013-03-01,7,12,24,Viscose,Outono
Saia Outono Couro,2013-03-01,52,14,28,Couro,Outono
Short Outono Sarja,2013-03-01,33,18,36,Sarja,Outono
T-shirt Outono Algodão,2013-03-01,4,10,20,Algodão,Outono
Vestido Outono Lã,2013-03-01,29,28,56,Lã,Outono
Vestido Outono Lã,2013-04-01,5,28,56,Lã,Outono
T-shirt Outono Algodão,2013-04-01,6,10,20,Algodão,Outono
Short Outono Sarja,2013-04-01,24,18,36,Sarja,Outono
Saia Outono Couro,2013-04-01,0,14,28,Couro,Outono
Cropped Outono Viscose,2013-04-01,0,12,24,Viscose,Outono
Calça Outono Algodão,2013-04-01,7,20,40,Algodão,Outono
Blusa Outono Tricô,2013-04-01,0,16,32,Tricô,Outono
Bermuda Outono Jeans,2013-04-01,29,18,36,Jeans,Outono
Calça Outono Sarja,2013-04-01,0,22,44,Sarja,Outono
Camisa Outono Lã,2013-04-01,0,24,48,Lã,Outono
Saia Outono Couro,2014-03-01,59,14,28,Couro,Outono
Vestido Outono Lã,2014-03-01,19,28,56,Lã,Outono
T-shirt Outono Algodão,2014-03-01,26,10,20,Algodão,Outono
Cropped Outono Viscose,2014-03-01,0,12,24,Viscose,Outono
Short Outono Sarja,2014-03-01,13,18,36,Sarja,Outono
Blusa Outono Tricô,2014-03-01,30,16,32,Tricô,Outono
Bermuda Outono Jeans,2014-03-01,0,18,36,Jeans,Outono
Camisa Outono Lã,2014-03-01,37,24,48,Lã,Outono
Calça Outono Algodão,2014-03-01,15,20,40,Algodão,Outono
Calça Outono Sarja,2014-03-01,23,22,44,Sarja,Outono
T-shirt Outono Algodão,2014-04-01,16,10,20,Algodão,Outono
Short Outono Sarja,2014-04-01,76,18,36,Sarja,Outono
Saia Outono Couro,2014-04-01,31,14,28,Couro,Outono
Cropped Outono Viscose,2014-04-01,7,12,24,Viscose,Outono
Vestido Outono Lã,2014-04-01,53,28,56,Lã,Outono
Blusa Outono Tricô,2014-04-01,5,16,32,Tricô,Outono
Bermuda Outono Jeans,2014-04-01,40,18,36,Jeans,Outono
Calça Outono Algodão,2014-04-01,0,20,40,Algodão,Outono
Calça Outono Sarja,2014-04-01,4,22,44,Sarja,Outono
Camisa Outono Lã,2014-04-01,41,24,48,Lã,Outono
Vestido Outono Lã,2015-03-01,55,28,56,Lã,Outono
T-shirt Outono Algodão,2015-03-01,42,10,20,Algodão,Outono
Short Outono Sarja,2015-03-01,36,18,36,Sarja,Outono
Saia Outono Couro,2015-03-01,32,14,28,Couro,Outono
Cropped Outono Viscose,2015-03-01,5,12,24,Viscose,Outono
Camisa Outono Lã,2015-03-01,24,24,48,Lã,Outono
Bermuda Outono Jeans,2015-03-01,30,18,36,Jeans,Outono
Calça Outono Algodão,2015-03-01,68,20,40,Algodão,Outono
Calça Outono Sarja,2015-03-01,51,22,44,Sarja,Outono
Blusa Outono Tricô,2015-03-01,1,16,32,Tricô,Outono
Saia Outono Couro,2015-04-01,52,14,28,Couro,Outono
Vestido Outono Lã,2015-04-01,36,28,56,Lã,Outono
T-shirt Outono Algodão,2015-04-01,29,10,20,Algodão,Outono
Short Outono Sarja,2015-04-01,61,18,36,Sarja,Outono
Cropped Outono Viscose,2015-04-01,72,12,24,Viscose,Outono
Calça Outono Algodão,2015-04-01,70,20,40,Algodão,Outono
Blusa Outono Tricô,2015-04-01,28,16,32,Tricô,Outono
Bermuda Outono Jeans,2015-04-01,42,18,36,Jeans,Outono
Camisa Outono Lã,2015-04-01,58,24,48,Lã,Outono
Calça Outono Sarja,2015-04-01,74,22,44,Sarja,Outono
Vestido Outono Lã,2016-03-01,40,28,56,Lã,Outono
T-shirt Outono Algodão,2016-03-01,47,10,20,Algodão,Outono
Short Outono Sarja,2016-03-01,26,18,36,Sarja,Outono
Saia Outono Couro,2016-03-01,25,14,28,Couro,Outono
Cropped Outono Viscose,2016-03-01,74,12,24,Viscose,Outono
Camisa Outono Lã,2016-03-01,87,24,48,Lã,Outono
Blusa Outono Tricô,2016-03-01,54,16,32,Tricô,Outono
Bermuda Outono Jeans,2016-03-01,80,18,36,Jeans,Outono
Calça Outono Algodão,2016-03-01,65,20,40,Algodão,Outono
Calça Outono Sarja,2016-03-01,42,22,44,Sarja,Outono
T-shirt Outono Algodão,2016-04-01,67,10,20,Algodão,Outono
Short Outono Sarja,2016-04-01,96,18,36,Sarja,Outono
Saia Outono Couro,2016-04-01,59,14,28,Couro,Outono
Cropped Outono Viscose,2016-04-01,98,12,24,Viscose,Outono
Vestido Outono Lã,2016-04-01,0,28,56,Lã,Outono
Blusa Outono Tricô,2016-04-01,81,16,32,Tricô,Outono
Bermuda Outono Jeans,2016-04-01,64,18,36,Jeans,Outono
Calça Outono Algodão,2016-04-01,56,20,40,Algodão,Outono
Calça Outono Sarja,2016-04-01,66,22,44,Sarja,Outono
Camisa Outono Lã,2016-04-01,17,24,48,Lã,Outono
T-shirt Outono Algodão,2017-03-01,60,10,20,Algodão,Outono
Short Outono Sarja,2017-03-01,74,18,36,Sarja,Outono
Saia Outono Couro,2017-03-01,102,14,28,Couro,Outono
Cropped Outono Viscose,2017-03-01,55,12,24,Viscose,Outono
Vestido Outono Lã,2017-03-01,48,28,56,Lã,Outono
Blusa Outono Tricô,2017-03-01,57,16,32,Tricô,Outono
Bermuda Outono Jeans,2017-03-01,91,18,36,Jeans,Outono
Calça Outono Algodão,2017-03-01,78,20,40,Algodão,Outono
Calça Outono Sarja,2017-03-01,58,22,44,Sarja,Outono
Camisa Outono Lã,2017-03-01,84,24,48,Lã,Outono
Vestido Outono Lã,2017-04-01,74,28,56,Lã,Outono
T-shirt Outono Algodão,2017-04-01,96,10,20,Algodão,Outono
Short Outono Sarja,2017-04-01,57,18,36,Sarja,Outono
Saia Outono Couro,2017-04-01,66,14,28,Couro,Outono
Cropped Outono Viscose,2017-04-01,65,12,24,Viscose,Outono
Camisa Outono Lã,2017-04-01,40,24,48,Lã,Outono
Bermuda Outono Jeans,2017-04-01,83,18,36,Jeans,Outono
Calça Outono Algodão,2017-04-01,83,20,40,Algodão,Outono
Calça Outono Sarja,2017-04-01,78,22,44,Sarja,Outono
Blusa Outono Tricô,2017-04-01,73,16,32,Tricô,Outono
Saia Outono Couro,2018-03-01,45,14,28,Couro,Outono
T-shirt Outono Algodão,2018-03-01,70,10,20,Algodão,Outono
Short Outono Sarja,2018-03-01,72,18,36,Sarja,Outono
Cropped Outono Viscose,2018-03-01,62,12,24,Viscose,Outono
Vestido Outono Lã,2018-03-01,78,28,56,Lã,Outono
Blusa Outono Tricô,2018-03-01,92,16,32,Tricô,Outono
Bermuda Outono Jeans,2018-03-01,128,18,36,Jeans,Outono
Calça Outono Algodão,2018-03-01,88,20,40,Algodão,Outono
Calça Outono Sarja,2018-03-01,91,22,44,Sarja,Outono
Camisa Outono Lã,2018-03-01,83,24,48,Lã,Outono
T-shirt Outono Algodão,2018-04-01,40,10,20,Algodão,Outono
Short Outono Sarja,2018-04-01,86,18,36,Sarja,Outono
Saia Outono Couro,2018-04-01,89,14,28,Couro,Outono
Cropped Outono Viscose,2018-04-01,147,12,24,Viscose,Outono
Vestido Outono Lã,2018-04-01,84,28,56,Lã,Outono
Blusa Outono Tricô,2018-04-01,97,16,32,Tricô,Outono
Bermuda Outono Jeans,2018-04-01,89,18,36,Jeans,Outono
Calça Outono Algodão,2018-04-01,63,20,40,Algodão,Outono
Calça Outono Sarja,2018-04-01,119,22,44,Sarja,Outono
Camisa Outono Lã,2018-04-01,110,24,48,Lã,Outono
Vestido Outono Lã,2019-03-01,112,28,56,Lã,Outono
T-shirt Outono Algodão,2019-03-01,72,10,20,Algodão,Outono
Short Outono Sarja,2019-03-01,128,18,36,Sarja,Outono
Saia Outono Couro,2019-03-01,61,14,28,Couro,Outono
Cropped Outono Viscose,2019-03-01,110,12,24,Viscose,Outono
Camisa Outono Lã,2019-03-01,149,24,48,Lã,Outono
Bermuda Outono Jeans,2019-03-01,73,18,36,Jeans,Outono
Calça Outono Algodão,2019-03-01,84,20,40,Algodão,Outono
Calça Outono Sarja,2019-03-01,101,22,44,Sarja,Outono
Blusa Outono Tricô,2019-03-01,87,16,32,Tricô,Outono
Saia Outono Couro,2019-04-01,63,14,28,Couro,Outono
Vestido Outono Lã,2019-04-01,102,28,56,Lã,Outono
T-shirt Outono Algodão,2019-04-01,76,10,20,Algodão,Outono
Short Outono Sarja,2019-04-01,113,18,36,Sarja,Outono
Cropped Outono Viscose,2019-04-01,81,12,24,Viscose,Outono
Camisa Outono Lã,2019-04-01,140,24,48,Lã,Outono
Blusa Outono Tricô,2019-04-01,85,16,32,Tricô,Outono
Bermuda Outono Jeans,2019-04-01,97,18,36,Jeans,Outono
Calça Outono Algodão,2019-04-01,125,20,40,Algodão,Outono
Calça Outono Sarja,2019-04-01,77,22,44,Sarja,Outono
Vestido Outono Lã,2020-03-01,112,28,56,Lã,Outono
T-shirt Outono Algodão,2020-03-01,139,10,20,Algodão,Outono
Short Outono Sarja,2020-03-01,70,18,36,Sarja,Outono
Saia Outono Couro,2020-03-01,113,14,28,Couro,Outono
Cropped Outono Viscose,2020-03-01,116,12,24,Viscose,Outono
Blusa Outono Tricô,2020-03-01,129,16,32,Tricô,Outono
Bermuda Outono Jeans,2020-03-01,81,18,36,Jeans,Outono
Calça Outono Algodão,2020-03-01,80,20,40,Algodão,Outono
Calça Outono Sarja,2020-03-01,125,22,44,Sarja,Outono
Camisa Outono Lã,2020-03-01,120,24,48,Lã,Outono
Saia Outono Couro,2020-04-01,120,14,28,Couro,Outono
Vestido Outono Lã,2020-04-01,123,28,56,Lã,Outono
T-shirt Outono Algodão,2020-04-01,99,10,20,Algodão,Outono
Short Outono Sarja,2020-04-01,121,18,36,Sarja,Outono
Cropped Outono Viscose,2020-04-01,124,12,24,Viscose,Outono
Calça Outono Sarja,2020-04-01,100,22,44,Sarja,Outono
Blusa Outono Tricô,2020-04-01,163,16,32,Tricô,Outono
Bermuda Outono Jeans,2020-04-01,130,18,36,Jeans,Outono
Calça Outono Algodão,2020-04-01,91,20,40,Algodão,Outono
Camisa Outono Lã,2020-04-01,136,24,48,Lã,Outono
Saia Outono Couro,2021-03-01,97,14,28,Couro,Outono
T-shirt Outono Algodão,2021-03-01,140,10,20,Algodão,Outono
Short Outono Sarja,2021-03-01,150,18,36,Sarja,Outono
Vestido Outono Lã,2021-03-01,103,28,56,Lã,Outono
Cropped Outono Viscose,2021-03-01,147,12,24,Viscose,Outono
Bermuda Outono Jeans,2021-03-01,134,18,36,Jeans,Outono
Blusa Outono Tricô,2021-03-01,145,16,32,Tricô,Outono
Calça Outono Algodão,2021-03-01,171,20,40,Algodão,Outono
Calça Outono Sarja,2021-03-01,120,22,44,Sarja,Outono
Camisa Outono Lã,2021-03-01,109,24,48,Lã,Outono
Vestido Outono Lã,2021-04-01,106,28,56,Lã,Outono
T-shirt Outono Algodão,2021-04-01,109,10,20,Algodão,Outono
Short Outono Sarja,2021-04-01,127,18,36,Sarja,Outono
Saia Outono Couro,2021-04-01,138,14,28,Couro,Outono
Cropped Outono Viscose,2021-04-01,137,12,24,Viscose,Outono
Blusa Outono Tricô,2021-04-01,151,16,32,Tricô,Outono
Bermuda Outono Jeans,2021-04-01,132,18,36,Jeans,Outono
Calça Outono Algodão,2021-04-01,167,20,40,Algodão,Outono
Calça Outono Sarja,2021-04-01,127,22,44,Sarja,Outono
Camisa Outono Lã,2021-04-01,199,24,48,Lã,Outono
Saia Outono Couro,2022-03-01,150,14,28,Couro,Outono
Vestido Outono Lã,2022-03-01,115,28,56,Lã,Outono
T-shirt Outono Algodão,2022-03-01,110,10,20,Algodão,Outono
Short Outono Sarja,2022-03-01,148,18,36,Sarja,Outono
Cropped Outono Viscose,2022-03-01,132,12,24,Viscose,Outono
Calça Outono Sarja,2022-03-01,155,22,44,Sarja,Outono
Blusa Outono Tricô,2022-03-01,150,16,32,Tricô,Outono
Bermuda Outono Jeans,2022-03-01,138,18,36,Jeans,Outono
Calça Outono Algodão,2022-03-01,120,20,40,Algodão,Outono
Camisa Outono Lã,2022-03-01,104,24,48,Lã,Outono
Saia Outono Couro,2022-04-01,131,14,28,Couro,Outono
T-shirt Outono Algodão,2022-04-01,163,10,20,Algodão,Outono
Short Outono Sarja,2022-04-01,148,18,36,Sarja,Outono
Vestido Outono Lã,2022-04-01,114,28,56,Lã,Outono
Cropped Outono Viscose,2022-04-01,148,12,24,Viscose,Outono
Bermuda Outono Jeans,2022-04-01,154,18,36,Jeans,Outono
Blusa Outono Tricô,2022-04-01,124,16,32,Tricô,Outono
Calça Outono Algodão,2022-04-01,150,20,40,Algodão,Outono
Calça Outono Sarja,2022-04-01,148,22,44,Sarja,Outono
Camisa Outono Lã,2022-04-01,120,24,48,Lã,Outono
Vestido Outono Lã,2023-03-01,157,28,56,Lã,Outono
T-shirt Outono Algodão,2023-03-01,163,10,20,Algodão,Outono
Saia Outono Couro,2023-03-01,176,14,28,Couro,Outono
Cropped Outono Viscose,2023-03-01,176,12,24,Viscose,Outono
Short Outono Sarja,2023-03-01,118,18,36,Sarja,Outono
Blusa Outono Tricô,2023-03-01,129,16,32,Tricô,Outono
Bermuda Outono Jeans,2023-03-01,165,18,36,Jeans,Outono
Calça Outono Algodão,2023-03-01,166,20,40,Algodão,Outono
Calça Outono Sarja,2023-03-01,166,22,44,Sarja,Outono
Camisa Outono Lã,2023-03-01,247,24,48,Lã,Outono
T-shirt Outono Algodão,2023-04-01,169,10,20,Algodão,Outono
Calça Outono Sarja,2023-04-01,183,22,44,Sarja,Outono
Calça Outono Algodão,2023-04-01,180,20,40,Algodão,Outono
Bermuda Outono Jeans,2023-04-01,173,18,36,Jeans,Outono
Blusa Outono Tricô,2023-04-01,151,16,32,Tricô,Outono
Camisa Outono Lã,2023-04-01,177,24,48,Lã,Outono
Cropped Outono Viscose,2023-04-01,141,12,24,Viscose,Outono
Saia Outono Couro,2023-04-01,155,14,28,Couro,Outono
Short Outono Sarja,2023-04-01,149,18,36,Sarja,Outono
Vestido Outono Lã,2023-04-01,164,28,56,Lã,Outono
Calça Inverno Lã,2013-05-01,22,30,60,Lã,Inverno
Calça Inverno Malha,2013-05-01,7,28,56,Malha,Inverno
Bermuda Inverno Moletom,2013-05-01,26,20,40,Moletom,Inverno
Blusa Inverno Lã,2013-05-01,48,26,52,Lã,Inverno
Camisa Inverno Flanela,2013-05-01,6,24,48,Flanela,Inverno
Cropped Inverno Algodão,2013-05-01,6,14,28,Algodão,Inverno
Saia Inverno Lã,2013-05-01,50,22,44,Lã,Inverno
Short Inverno Moletom,2013-05-01,31,18,36,Moletom,Inverno
T-shirt Inverno Algodão,2013-05-01,2,12,24,Algodão,Inverno
Vestido Inverno Lã,2013-05-01,27,32,64,Lã,Inverno
Vestido Inverno Lã,2013-06-01,3,32,64,Lã,Inverno
T-shirt Inverno Algodão,2013-06-01,4,12,24,Algodão,Inverno
Short Inverno Moletom,2013-06-01,21,18,36,Moletom,Inverno
Saia Inverno Lã,2013-06-01,0,22,44,Lã,Inverno
Cropped Inverno Algodão,2013-06-01,0,14,28,Algodão,Inverno
Bermuda Inverno Moletom,2013-06-01,3,20,40,Moletom,Inverno
Blusa Inverno Lã,2013-06-01,0,26,52,Lã,Inverno
Calça Inverno Malha,2013-06-01,25,28,56,Malha,Inverno
Calça Inverno Lã,2013-06-01,0,30,60,Lã,Inverno
Camisa Inverno Flanela,2013-06-01,0,24,48,Flanela,Inverno
Saia Inverno Lã,2013-07-01,54,22,44,Lã,Inverno
Vestido Inverno Lã,2013-07-01,14,32,64,Lã,Inverno
T-shirt Inverno Algodão,2013-07-01,21,12,24,Algodão,Inverno
Short Inverno Moletom,2013-07-01,0,18,36,Moletom,Inverno
Cropped Inverno Algodão,2013-07-01,8,14,28,Algodão,Inverno
Bermuda Inverno Moletom,2013-07-01,24,20,40,Moletom,Inverno
Blusa Inverno Lã,2013-07-01,0,26,52,Lã,Inverno
Calça Inverno Malha,2013-07-01,31,28,56,Malha,Inverno
Calça Inverno Lã,2013-07-01,8,30,60,Lã,Inverno
Camisa Inverno Flanela,2013-07-01,16,24,48,Flanela,Inverno
Vestido Inverno Lã,2014-05-01,9,32,64,Lã,Inverno
T-shirt Inverno Algodão,2014-05-01,68,12,24,Algodão,Inverno
Short Inverno Moletom,2014-05-01,24,18,36,Moletom,Inverno
Saia Inverno Lã,2014-05-01,0,22,44,Lã,Inverno
Cropped Inverno Algodão,2014-05-01,45,14,28,Algodão,Inverno
Blusa Inverno Lã,2014-05-01,0,26,52,Lã,Inverno
Bermuda Inverno Moletom,2014-05-01,31,20,40,Moletom,Inverno
Calça Inverno Malha,2014-05-01,0,28,56,Malha,Inverno
Calça Inverno Lã,2014-05-01,0,30,60,Lã,Inverno
Camisa Inverno Flanela,2014-05-01,32,24,48,Flanela,Inverno
Saia Inverno Lã,2014-06-01,46,22,44,Lã,Inverno
Vestido Inverno Lã,2014-06-01,33,32,64,Lã,Inverno
T-shirt Inverno Algodão,2014-06-01,26,12,24,Algodão,Inverno
Short Inverno Moletom,2014-06-01,22,18,36,Moletom,Inverno
Cropped Inverno Algodão,2014-06-01,0,14,28,Algodão,Inverno
Bermuda Inverno Moletom,2014-06-01,13,20,40,Moletom,Inverno
Blusa Inverno Lã,2014-06-01,20,26,52,Lã,Inverno
Calça Inverno Lã,2014-06-01,57,30,60,Lã,Inverno
Camisa Inverno Flanela,2014-06-01,40,24,48,Flanela,Inverno
Calça Inverno Malha,2014-06-01,0,28,56,Malha,Inverno
Calça Inverno Lã,2014-07-01,40,30,60,Lã,Inverno
Calça Inverno Malha,2014-07-01,24,28,56,Malha,Inverno
Bermuda Inverno Moletom,2014-07-01,17,20,40,Moletom,Inverno
Blusa Inverno Lã,2014-07-01,49,26,52,Lã,Inverno
Cropped Inverno Algodão,2014-07-01,59,14,28,Algodão,Inverno
Saia Inverno Lã,2014-07-01,57,22,44,Lã,Inverno
Short Inverno Moletom,2014-07-01,15,18,36,Moletom,Inverno
T-shirt Inverno Algodão,2014-07-01,29,12,24,Algodão,Inverno
Vestido Inverno Lã,2014-07-01,44,32,64,Lã,Inverno
Camisa Inverno Flanela,2014-07-01,60,24,48,Flanela,Inverno
Vestido Inverno Lã,2015-05-01,26,32,64,Lã,Inverno
Saia Inverno Lã,2015-05-01,33,22,44,Lã,Inverno
T-shirt Inverno Algodão,2015-05-01,12,12,24,Algodão,Inverno
Short Inverno Moletom,2015-05-01,10,18,36,Moletom,Inverno
Cropped Inverno Algodão,2015-05-01,59,14,28,Algodão,Inverno
Blusa Inverno Lã,2015-05-01,72,26,52,Lã,Inverno
Bermuda Inverno Moletom,2015-05-01,38,20,40,Moletom,Inverno
Calça Inverno Malha,2015-05-01,65,28,56,Malha,Inverno
Calça Inverno Lã,2015-05-01,50,30,60,Lã,Inverno
Camisa Inverno Flanela,2015-05-01,26,24,48,Flanela,Inverno
Vestido Inverno Lã,2015-06-01,51,32,64,Lã,Inverno
T-shirt Inverno Algodão,2015-06-01,79,12,24,Algodão,Inverno
Short Inverno Moletom,2015-06-01,42,18,36,Moletom,Inverno
Saia Inverno Lã,2015-06-01,81,22,44,Lã,Inverno
Cropped Inverno Algodão,2015-06-01,0,14,28,Algodão,Inverno
Camisa Inverno Flanela,2015-06-01,64,24,48,Flanela,Inverno
Bermuda Inverno Moletom,2015-06-01,47,20,40,Moletom,Inverno
Calça Inverno Malha,2015-06-01,38,28,56,Malha,Inverno
Calça Inverno Lã,2015-06-01,48,30,60,Lã,Inverno
Blusa Inverno Lã,2015-06-01,0,26,52,Lã,Inverno
Saia Inverno Lã,2015-07-01,41,22,44,Lã,Inverno
Vestido Inverno Lã,2015-07-01,56,32,64,Lã,Inverno
T-shirt Inverno Algodão,2015-07-01,83,12,24,Algodão,Inverno
Short Inverno Moletom,2015-07-01,36,18,36,Moletom,Inverno
Cropped Inverno Algodão,2015-07-01,29,14,28,Algodão,Inverno
Bermuda Inverno Moletom,2015-07-01,37,20,40,Moletom,Inverno
Blusa Inverno Lã,2015-07-01,71,26,52,Lã,Inverno
Calça Inverno Lã,2015-07-01,58,30,60,Lã,Inverno
Camisa Inverno Flanela,2015-07-01,38,24,48,Flanela,Inverno
Calça Inverno Malha,2015-07-01,63,28,56,Malha,Inverno
Calça Inverno Lã,2016-05-01,54,30,60,Lã,Inverno
Calça Inverno Malha,2016-05-01,75,28,56,Malha,Inverno
Bermuda Inverno Moletom,2016-05-01,35,20,40,Moletom,Inverno
Blusa Inverno Lã,2016-05-01,45,26,52,Lã,Inverno
Camisa Inverno Flanela,2016-05-01,44,24,48,Flanela,Inverno
Cropped Inverno Algodão,2016-05-01,18,14,28,Algodão,Inverno
Saia Inverno Lã,2016-05-01,61,22,44,Lã,Inverno
Short Inverno Moletom,2016-05-01,61,18,36,Moletom,Inverno
T-shirt Inverno Algodão,2016-05-01,55,12,24,Algodão,Inverno
Vestido Inverno Lã,2016-05-01,50,32,64,Lã,Inverno
Saia Inverno Lã,2016-06-01,22,22,44,Lã,Inverno
Vestido Inverno Lã,2016-06-01,46,32,64,Lã,Inverno
T-shirt Inverno Algodão,2016-06-01,48,12,24,Algodão,Inverno
Short Inverno Moletom,2016-06-01,38,18,36,Moletom,Inverno
Cropped Inverno Algodão,2016-06-01,54,14,28,Algodão,Inverno
Camisa Inverno Flanela,2016-06-01,68,24,48,Flanela,Inverno
Blusa Inverno Lã,2016-06-01,104,26,52,Lã,Inverno
Bermuda Inverno Moletom,2016-06-01,63,20,40,Moletom,Inverno
Calça Inverno Malha,2016-06-01,66,28,56,Malha,Inverno
Calça Inverno Lã,2016-06-01,58,30,60,Lã,Inverno
Vestido Inverno Lã,2016-07-01,14,32,64,Lã,Inverno
T-shirt Inverno Algodão,2016-07-01,60,12,24,Algodão,Inverno
Short Inverno Moletom,2016-07-01,63,18,36,Moletom,Inverno
Saia Inverno Lã,2016-07-01,121,22,44,Lã,Inverno
Cropped Inverno Algodão,2016-07-01,58,14,28,Algodão,Inverno
Camisa Inverno Flanela,2016-07-01,70,24,48,Flanela,Inverno
Blusa Inverno Lã,2016-07-01,62,26,52,Lã,Inverno
Bermuda Inverno Moletom,2016-07-01,36,20,40,Moletom,Inverno
Calça Inverno Malha,2016-07-01,92,28,56,Malha,Inverno
Calça Inverno Lã,2016-07-01,83,30,60,Lã,Inverno
T-shirt Inverno Algodão,2017-05-01,84,12,24,Algodão,Inverno
Short Inverno Moletom,2017-05-01,44,18,36,Moletom,Inverno
Saia Inverno Lã,2017-05-01,100,22,44,Lã,Inverno
Vestido Inverno Lã,2017-05-01,33,32,64,Lã,Inverno
Cropped Inverno Algodão,2017-05-01,81,14,28,Algodão,Inverno
Blusa Inverno Lã,2017-05-01,120,26,52,Lã,Inverno
Calça Inverno Lã,2017-05-01,44,30,60,Lã,Inverno
Camisa Inverno Flanela,2017-05-01,55,24,48,Flanela,Inverno
Bermuda Inverno Moletom,2017-05-01,71,20,40,Moletom,Inverno
Calça Inverno Malha,2017-05-01,57,28,56,Malha,Inverno
Vestido Inverno Lã,2017-06-01,32,32,64,Lã,Inverno
T-shirt Inverno Algodão,2017-06-01,72,12,24,Algodão,Inverno
Short Inverno Moletom,2017-06-01,45,18,36,Moletom,Inverno
Cropped Inverno Algodão,2017-06-01,82,14,28,Algodão,Inverno
Saia Inverno Lã,2017-06-01,49,22,44,Lã,Inverno
Blusa Inverno Lã,2017-06-01,109,26,52,Lã,Inverno
Bermuda Inverno Moletom,2017-06-01,54,20,40,Moletom,Inverno
Calça Inverno Malha,2017-06-01,65,28,56,Malha,Inverno
Calça Inverno Lã,2017-06-01,93,30,60,Lã,Inverno
Camisa Inverno Flanela,2017-06-01,44,24,48,Flanela,Inverno
Vestido Inverno Lã,2017-07-01,80,32,64,Lã,Inverno
T-shirt Inverno Algodão,2017-07-01,106,12,24,Algodão,Inverno
Short Inverno Moletom,2017-07-01,37,18,36,Moletom,Inverno
Saia Inverno Lã,2017-07-01,80,22,44,Lã,Inverno
Cropped Inverno Algodão,2017-07-01,82,14,28,Algodão,Inverno
Camisa Inverno Flanela,2017-07-01,95,24,48,Flanela,Inverno
Bermuda Inverno Moletom,2017-07-01,47,20,40,Moletom,Inverno
Calça Inverno Malha,2017-07-01,46,28,56,Malha,Inverno
Calça Inverno Lã,2017-07-01,91,30,60,Lã,Inverno
Blusa Inverno Lã,2017-07-01,86,26,52,Lã,Inverno
Vestido Inverno Lã,2018-05-01,85,32,64,Lã,Inverno
T-shirt Inverno Algodão,2018-05-01,88,12,24,Algodão,Inverno
Short Inverno Moletom,2018-05-01,64,18,36,Moletom,Inverno
Saia Inverno Lã,2018-05-01,86,22,44,Lã,Inverno
Cropped Inverno Algodão,2018-05-01,88,14,28,Algodão,Inverno
Blusa Inverno Lã,2018-05-01,64,26,52,Lã,Inverno
Bermuda Inverno Moletom,2018-05-01,126,20,40,Moletom,Inverno
Calça Inverno Malha,2018-05-01,94,28,56,Malha,Inverno
Calça Inverno Lã,2018-05-01,54,30,60,Lã,Inverno
Camisa Inverno Flanela,2018-05-01,99,24,48,Flanela,Inverno
Saia Inverno Lã,2018-06-01,60,22,44,Lã,Inverno
Vestido Inverno Lã,2018-06-01,103,32,64,Lã,Inverno
T-shirt Inverno Algodão,2018-06-01,112,12,24,Algodão,Inverno
Short Inverno Moletom,2018-06-01,65,18,36,Moletom,Inverno
Cropped Inverno Algodão,2018-06-01,108,14,28,Algodão,Inverno
Camisa Inverno Flanela,2018-06-01,96,24,48,Flanela,Inverno
Blusa Inverno Lã,2018-06-01,106,26,52,Lã,Inverno
Bermuda Inverno Moletom,2018-06-01,132,20,40,Moletom,Inverno
Calça Inverno Malha,2018-06-01,81,28,56,Malha,Inverno
Calça Inverno Lã,2018-06-01,70,30,60,Lã,Inverno
Vestido Inverno Lã,2018-07-01,67,32,64,Lã,Inverno
T-shirt Inverno Algodão,2018-07-01,69,12,24,Algodão,Inverno
Short Inverno Moletom,2018-07-01,87,18,36,Moletom,Inverno
Saia Inverno Lã,2018-07-01,98,22,44,Lã,Inverno
Cropped Inverno Algodão,2018-07-01,97,14,28,Algodão,Inverno
Camisa Inverno Flanela,2018-07-01,110,24,48,Flanela,Inverno
Blusa Inverno Lã,2018-07-01,91,26,52,Lã,Inverno
Bermuda Inverno Moletom,2018-07-01,126,20,40,Moletom,Inverno
Calça Inverno Malha,2018-07-01,85,28,56,Malha,Inverno
Calça Inverno Lã,2018-07-01,158,30,60,Lã,Inverno
Vestido Inverno Lã,2019-05-01,108,32,64,Lã,Inverno
T-shirt Inverno Algodão,2019-05-01,73,12,24,Algodão,Inverno
Short Inverno Moletom,2019-05-01,68,18,36,Moletom,Inverno
Saia Inverno Lã,2019-05-01,106,22,44,Lã,Inverno
Cropped Inverno Algodão,2019-05-01,89,14,28,Algodão,Inverno
Blusa Inverno Lã,2019-05-01,112,26,52,Lã,Inverno
Bermuda Inverno Moletom,2019-05-01,107,20,40,Moletom,Inverno
Calça Inverno Malha,2019-05-01,94,28,56,Malha,Inverno
Calça Inverno Lã,2019-05-01,76,30,60,Lã,Inverno
Camisa Inverno Flanela,2019-05-01,61,24,48,Flanela,Inverno
Camisa Inverno Flanela,2019-06-01,87,24,48,Flanela,Inverno
Calça Inverno Lã,2019-06-01,118,30,60,Lã,Inverno
Calça Inverno Malha,2019-06-01,103,28,56,Malha,Inverno
Bermuda Inverno Moletom,2019-06-01,69,20,40,Moletom,Inverno
Blusa Inverno Lã,2019-06-01,103,26,52,Lã,Inverno
Cropped Inverno Algodão,2019-06-01,109,14,28,Algodão,Inverno
Saia Inverno Lã,2019-06-01,79,22,44,Lã,Inverno
Short Inverno Moletom,2019-06-01,104,18,36,Moletom,Inverno
T-shirt Inverno Algodão,2019-06-01,102,12,24,Algodão,Inverno
Vestido Inverno Lã,2019-06-01,74,32,64,Lã,Inverno
Short Inverno Moletom,2019-07-01,111,18,36,Moletom,Inverno
Saia Inverno Lã,2019-07-01,116,22,44,Lã,Inverno
Vestido Inverno Lã,2019-07-01,129,32,64,Lã,Inverno
T-shirt Inverno Algodão,2019-07-01,129,12,24,Algodão,Inverno
Cropped Inverno Algodão,2019-07-01,71,14,28,Algodão,Inverno
Camisa Inverno Flanela,2019-07-01,82,24,48,Flanela,Inverno
Blusa Inverno Lã,2019-07-01,117,26,52,Lã,Inverno
Bermuda Inverno Moletom,2019-07-01,118,20,40,Moletom,Inverno
Calça Inverno Malha,2019-07-01,118,28,56,Malha,Inverno
Calça Inverno Lã,2019-07-01,199,30,60,Lã,Inverno
Vestido Inverno Lã,2020-05-01,120,32,64,Lã,Inverno
T-shirt Inverno Algodão,2020-05-01,134,12,24,Algodão,Inverno
Short Inverno Moletom,2020-05-01,130,18,36,Moletom,Inverno
Saia Inverno Lã,2020-05-01,124,22,44,Lã,Inverno
Cropped Inverno Algodão,2020-05-01,101,14,28,Algodão,Inverno
Blusa Inverno Lã,2020-05-01,127,26,52,Lã,Inverno
Bermuda Inverno Moletom,2020-05-01,91,20,40,Moletom,Inverno
Calça Inverno Malha,2020-05-01,104,28,56,Malha,Inverno
Calça Inverno Lã,2020-05-01,99,30,60,Lã,Inverno
Camisa Inverno Flanela,2020-05-01,113,24,48,Flanela,Inverno
Saia Inverno Lã,2020-06-01,167,22,44,Lã,Inverno
Vestido Inverno Lã,2020-06-01,67,32,64,Lã,Inverno
T-shirt Inverno Algodão,2020-06-01,129,12,24,Algodão,Inverno
Short Inverno Moletom,2020-06-01,74,18,36,Moletom,Inverno
Cropped Inverno Algodão,2020-06-01,102,14,28,Algodão,Inverno
Camisa Inverno Flanela,2020-06-01,140,24,48,Flanela,Inverno
Blusa Inverno Lã,2020-06-01,116,26,52,Lã,Inverno
Bermuda Inverno Moletom,2020-06-01,89,20,40,Moletom,Inverno
Calça Inverno Malha,2020-06-01,98,28,56,Malha,Inverno
Calça Inverno Lã,2020-06-01,132,30,60,Lã,Inverno
Vestido Inverno Lã,2020-07-01,98,32,64,Lã,Inverno
T-shirt Inverno Algodão,2020-07-01,122,12,24,Algodão,Inverno
Short Inverno Moletom,2020-07-01,118,18,36,Moletom,Inverno
Saia Inverno Lã,2020-07-01,102,22,44,Lã,Inverno
Cropped Inverno Algodão,2020-07-01,169,14,28,Algodão,Inverno
Camisa Inverno Flanela,2020-07-01,133,24,48,Flanela,Inverno
Blusa Inverno Lã,2020-07-01,70,26,52,Lã,Inverno
Bermuda Inverno Moletom,2020-07-01,124,20,40,Moletom,Inverno
Calça Inverno Malha,2020-07-01,104,28,56,Malha,Inverno
Calça Inverno Lã,2020-07-01,140,30,60,Lã,Inverno
Vestido Inverno Lã,2021-05-01,101,32,64,Lã,Inverno
T-shirt Inverno Algodão,2021-05-01,118,12,24,Algodão,Inverno
Saia Inverno Lã,2021-05-01,134,22,44,Lã,Inverno
Cropped Inverno Algodão,2021-05-01,143,14,28,Algodão,Inverno
Short Inverno Moletom,2021-05-01,94,18,36,Moletom,Inverno
Blusa Inverno Lã,2021-05-01,115,26,52,Lã,Inverno
Bermuda Inverno Moletom,2021-05-01,112,20,40,Moletom,Inverno
Camisa Inverno Flanela,2021-05-01,108,24,48,Flanela,Inverno
Calça Inverno Malha,2021-05-01,167,28,56,Malha,Inverno
Calça Inverno Lã,2021-05-01,134,30,60,Lã,Inverno
Vestido Inverno Lã,2021-06-01,95,32,64,Lã,Inverno
T-shirt Inverno Algodão,2021-06-01,148,12,24,Algodão,Inverno
Short Inverno Moletom,2021-06-01,177,18,36,Moletom,Inverno
Saia Inverno Lã,2021-06-01,151,22,44,Lã,Inverno
Cropped Inverno Algodão,2021-06-01,90,14,28,Algodão,Inverno
Camisa Inverno Flanela,2021-06-01,116,24,48,Flanela,Inverno
Blusa Inverno Lã,2021-06-01,158,26,52,Lã,Inverno
Bermuda Inverno Moletom,2021-06-01,111,20,40,Moletom,Inverno
Calça Inverno Malha,2021-06-01,139,28,56,Malha,Inverno
Calça Inverno Lã,2021-06-01,148,30,60,Lã,Inverno
Vestido Inverno Lã,2021-07-01,107,32,64,Lã,Inverno
T-shirt Inverno Algodão,2021-07-01,129,12,24,Algodão,Inverno
Short Inverno Moletom,2021-07-01,53,18,36,Moletom,Inverno
Saia Inverno Lã,2021-07-01,107,22,44,Lã,Inverno
Cropped Inverno Algodão,2021-07-01,126,14,28,Algodão,Inverno
Camisa Inverno Flanela,2021-07-01,102,24,48,Flanela,Inverno
Blusa Inverno Lã,2021-07-01,172,26,52,Lã,Inverno
Bermuda Inverno Moletom,2021-07-01,99,20,40,Moletom,Inverno
Calça Inverno Malha,2021-07-01,123,28,56,Malha,Inverno
Calça Inverno Lã,2021-07-01,137,30,60,Lã,Inverno
Vestido Inverno Lã,2022-05-01,169,32,64,Lã,Inverno
T-shirt Inverno Algodão,2022-05-01,100,12,24,Algodão,Inverno
Short Inverno Moletom,2022-05-01,163,18,36,Moletom,Inverno
Saia Inverno Lã,2022-05-01,136,22,44,Lã,Inverno
Cropped Inverno Algodão,2022-05-01,113,14,28,Algodão,Inverno
Camisa Inverno Flanela,2022-05-01,148,24,48,Flanela,Inverno
Blusa Inverno Lã,2022-05-01,142,26,52,Lã,Inverno
Bermuda Inverno Moletom,2022-05-01,123,20,40,Moletom,Inverno
Calça Inverno Malha,2022-05-01,140,28,56,Malha,Inverno
Calça Inverno Lã,2022-05-01,129,30,60,Lã,Inverno
T-shirt Inverno Algodão,2022-06-01,142,12,24,Algodão,Inverno
Vestido Inverno Lã,2022-06-01,155,32,64,Lã,Inverno
Saia Inverno Lã,2022-06-01,178,22,44,Lã,Inverno
Cropped Inverno Algodão,2022-06-01,111,14,28,Algodão,Inverno
Short Inverno Moletom,2022-06-01,192,18,36,Moletom,Inverno
Blusa Inverno Lã,2022-06-01,94,26,52,Lã,Inverno
Bermuda Inverno Moletom,2022-06-01,138,20,40,Moletom,Inverno
Calça Inverno Malha,2022-06-01,156,28,56,Malha,Inverno
Calça Inverno Lã,2022-06-01,149,30,60,Lã,Inverno
Camisa Inverno Flanela,2022-06-01,128,24,48,Flanela,Inverno
Vestido Inverno Lã,2022-07-01,139,32,64,Lã,Inverno
T-shirt Inverno Algodão,2022-07-01,132,12,24,Algodão,Inverno
Short Inverno Moletom,2022-07-01,130,18,36,Moletom,Inverno
Saia Inverno Lã,2022-07-01,165,22,44,Lã,Inverno
Cropped Inverno Algodão,2022-07-01,154,14,28,Algodão,Inverno
Camisa Inverno Flanela,2022-07-01,129,24,48,Flanela,Inverno
Blusa Inverno Lã,2022-07-01,168,26,52,Lã,Inverno
Bermuda Inverno Moletom,2022-07-01,154,20,40,Moletom,Inverno
Calça Inverno Malha,2022-07-01,167,28,56,Malha,Inverno
Calça Inverno Lã,2022-07-01,163,30,60,Lã,Inverno
T-shirt Inverno Algodão,2023-05-01,128,12,24,Algodão,Inverno
Vestido Inverno Lã,2023-05-01,135,32,64,Lã,Inverno
Saia Inverno Lã,2023-05-01,167,22,44,Lã,Inverno
Cropped Inverno Algodão,2023-05-01,164,14,28,Algodão,Inverno
Short Inverno Moletom,2023-05-01,150,18,36,Moletom,Inverno
Blusa Inverno Lã,2023-05-01,153,26,52,Lã,Inverno
Bermuda Inverno Moletom,2023-05-01,182,20,40,Moletom,Inverno
Calça Inverno Malha,2023-05-01,137,28,56,Malha,Inverno
Calça Inverno Lã,2023-05-01,165,30,60,Lã,Inverno
Camisa Inverno Flanela,2023-05-01,148,24,48,Flanela,Inverno
Vestido Inverno Lã,2023-06-01,148,32,64,Lã,Inverno
T-shirt Inverno Algodão,2023-06-01,180,12,24,Algodão,Inverno
Saia Inverno Lã,2023-06-01,174,22,44,Lã,Inverno
Cropped Inverno Algodão,2023-06-01,174,14,28,Algodão,Inverno
Short Inverno Moletom,2023-06-01,186,18,36,Moletom,Inverno
Blusa Inverno Lã,2023-06-01,156,26,52,Lã,Inverno
Bermuda Inverno Moletom,2023-06-01,172,20,40,Moletom,Inverno
Calça Inverno Malha,2023-06-01,149,28,56,Malha,Inverno
Calça Inverno Lã,2023-06-01,164,30,60,Lã,Inverno
Camisa Inverno Flanela,2023-06-01,154,24,48,Flanela,Inverno
T-shirt Inverno Algodão,2023-07-01,160,12,24,Algodão,Inverno
Calça Inverno Lã,2023-07-01,172,30,60,Lã,Inverno
Calça Inverno Malha,2023-07-01,139,28,56,Malha,Inverno
Bermuda Inverno Moletom,2023-07-01,209,20,40,Moletom,Inverno
Blusa Inverno Lã,2023-07-01,135,26,52,Lã,Inverno
Camisa Inverno Flanela,2023-07-01,131,24,48,Flanela,Inverno
Cropped Inverno Algodão,2023-07-01,188,14,28,Algodão,Inverno
Saia Inverno Lã,2023-07-01,180,22,44,Lã,Inverno
Short Inverno Moletom,2023-07-01,176,18,36,Moletom,Inverno
Vestido Inverno Lã,2023-07-01,177,32,64,Lã,Inverno
Calça Primavera Viscose,2013-08-01,22,20,40,Viscose,Primavera
Calça Primavera Linho,2013-08-01,7,22,44,Linho,Primavera
Bermuda Primavera Algodão,2013-08-01,26,18,36,Algodão,Primavera
Blusa Primavera Chiffon,2013-08-01,48,16,32,Chiffon,Primavera
Camisa Primavera Viscose,2013-08-01,6,24,48,Viscose,Primavera
Cropped Primavera Linho,2013-08-01,6,12,24,Linho,Primavera
Saia Primavera Seda,2013-08-01,50,14,28,Seda,Primavera
Short Primavera Algodão,2013-08-01,31,18,36,Algodão,Primavera
T-shirt Primavera Poliéster,2013-08-01,2,10,20,Poliéster,Primavera
Vestido Primavera Chiffon,2013-08-01,27,30,60,Chiffon,Primavera
Vestido Primavera Chiffon,2013-09-01,3,30,60,Chiffon,Primavera
T-shirt Primavera Poliéster,2013-09-01,4,10,20,Poliéster,Primavera
Short Primavera Algodão,2013-09-01,21,18,36,Algodão,Primavera
Saia Primavera Seda,2013-09-01,0,14,28,Seda,Primavera
Cropped Primavera Linho,2013-09-01,0,12,24,Linho,Primavera
Bermuda Primavera Algodão,2013-09-01,3,18,36,Algodão,Primavera
Blusa Primavera Chiffon,2013-09-01,0,16,32,Chiffon,Primavera
Calça Primavera Linho,2013-09-01,25,22,44,Linho,Primavera
Calça Primavera Viscose,2013-09-01,0,20,40,Viscose,Primavera
Camisa Primavera Viscose,2013-09-01,0,24,48,Viscose,Primavera
Saia Primavera Seda,2013-10-01,54,14,28,Seda,Primavera
Vestido Primavera Chiffon,2013-10-01,14,30,60,Chiffon,Primavera
T-shirt Primavera Poliéster,2013-10-01,21,10,20,Poliéster,Primavera
Short Primavera Algodão,2013-10-01,0,18,36,Algodão,Primavera
Cropped Primavera Linho,2013-10-01,8,12,24,Linho,Primavera
Bermuda Primavera Algodão,2013-10-01,24,18,36,Algodão,Primavera
Blusa Primavera Chiffon,2013-10-01,0,16,32,Chiffon,Primavera
Calça Primavera Linho,2013-10-01,31,22,44,Linho,Primavera
Calça Primavera Viscose,2013-10-01,8,20,40,Viscose,Primavera
Camisa Primavera Viscose,2013-10-01,16,24,48,Viscose,Primavera
Vestido Primavera Chiffon,2014-08-01,9,30,60,Chiffon,Primavera
T-shirt Primavera Poliéster,2014-08-01,68,10,20,Poliéster,Primavera
Short Primavera Algodão,2014-08-01,24,18,36,Algodão,Primavera
Saia Primavera Seda,2014-08-01,0,14,28,Seda,Primavera
Cropped Primavera Linho,2014-08-01,45,12,24,Linho,Primavera
Blusa Primavera Chiffon,2014-08-01,0,16,32,Chiffon,Primavera
Bermuda Primavera Algodão,2014-08-01,31,18,36,Algodão,Primavera
Calça Primavera Linho,2014-08-01,0,22,44,Linho,Primavera
Calça Primavera Viscose,2014-08-01,0,20,40,Viscose,Primavera
Camisa Primavera Viscose,2014-08-01,32,24,48,Viscose,Primavera
Saia Primavera Seda,2014-09-01,46,14,28,Seda,Primavera
Vestido Primavera Chiffon,2014-09-01,33,30,60,Chiffon,Primavera
T-shirt Primavera Poliéster,2014-09-01,26,10,20,Poliéster,Primavera
Short Primavera Algodão,2014-09-01,22,18,36,Algodão,Primavera
Cropped Primavera Linho,2014-09-01,0,12,24,Linho,Primavera
Bermuda Primavera Algodão,2014-09-01,13,18,36,Algodão,Primavera
Blusa Primavera Chiffon,2014-09-01,20,16,32,Chiffon,Primavera
Calça Primavera Viscose,2014-09-01,57,20,40,Viscose,Primavera
Camisa Primavera Viscose,2014-09-01,40,24,48,Viscose,Primavera
Calça Primavera Linho,2014-09-01,0,22,44,Linho,Primavera
Calça Primavera Viscose,2014-10-01,40,20,40,Viscose,Primavera
Calça Primavera Linho,2014-10-01,24,22,44,Linho,Primavera
Bermuda Primavera Algodão,2014-10-01,17,18,36,Algodão,Primavera
Blusa Primavera Chiffon,2014-10-01,49,16,32,Chiffon,Primavera
Cropped Primavera Linho,2014-10-01,59,12,24,Linho,Primavera
Saia Primavera Seda,2014-10-01,57,14,28,Seda,Primavera
Short Primavera Algodão,2014-10-01,15,18,36,Algodão,Primavera
T-shirt Primavera Poliéster,2014-10-01,29,10,20,Poliéster,Primavera
Vestido Primavera Chiffon,2014-10-01,44,30,60,Chiffon,Primavera
Camisa Primavera Viscose,2014-10-01,60,24,48,Viscose,Primavera
Vestido Primavera Chiffon,2015-08-01,26,30,60,Chiffon,Primavera
Saia Primavera Seda,2015-08-01,33,14,28,Seda,Primavera
T-shirt Primavera Poliéster,2015-08-01,12,10,20,Poliéster,Primavera
Short Primavera Algodão,2015-08-01,10,18,36,Algodão,Primavera
Cropped Primavera Linho,2015-08-01,59,12,24,Linho,Primavera
Blusa Primavera Chiffon,2015-08-01,72,16,32,Chiffon,Primavera
Bermuda Primavera Algodão,2015-08-01,38,18,36,Algodão,Primavera
Calça Primavera Linho,2015-08-01,65,22,44,Linho,Primavera
Calça Primavera Viscose,2015-08-01,50,20,40,Viscose,Primavera
Camisa Primavera Viscose,2015-08-01,26,24,48,Viscose,Primavera
Vestido Primavera Chiffon,2015-09-01,51,30,60,Chiffon,Primavera
T-shirt Primavera Poliéster,2015-09-01,79,10,20,Poliéster,Primavera
Short Primavera Algodão,2015-09-01,42,18,36,Algodão,Primavera
Saia Primavera Seda,2015-09-01,81,14,28,Seda,Primavera
Cropped Primavera Linho,2015-09-01,0,12,24,Linho,Primavera
Camisa Primavera Viscose,2015-09-01,64,24,48,Viscose,Primavera
Bermuda Primavera Algodão,2015-09-01,47,18,36,Algodão,Primavera
Calça Primavera Linho,2015-09-01,38,22,44,Linho,Primavera
Calça Primavera Viscose,2015-09-01,48,20,40,Viscose,Primavera
Blusa Primavera Chiffon,2015-09-01,0,16,32,Chiffon,Primavera
Saia Primavera Seda,2015-10-01,41,14,28,Seda,Primavera
Vestido Primavera Chiffon,2015-10-01,56,30,60,Chiffon,Primavera
T-shirt Primavera Poliéster,2015-10-01,83,10,20,Poliéster,Primavera
Short Primavera Algodão,2015-10-01,36,18,36,Algodão,Primavera
Cropped Primavera Linho,2015-10-01,29,12,24,Linho,Primavera
Bermuda Primavera Algodão,2015-10-01,37,18,36,Algodão,Primavera
Blusa Primavera Chiffon,2015-10-01,71,16,32,Chiffon,Primavera
Calça Primavera Viscose,2015-10-01,58,20,40,Viscose,Primavera
Camisa Primavera Viscose,2015-10-01,38,24,48,Viscose,Primavera
Calça Primavera Linho,2015-10-01,63,22,44,Linho,Primavera
Calça Primavera Viscose,2016-08-01,54,20,40,Viscose,Primavera
Calça Primavera Linho,2016-08-01,75,22,44,Linho,Primavera
Bermuda Primavera Algodão,2016-08-01,35,18,36,Algodão,Primavera
Blusa Primavera Chiffon,2016-08-01,45,16,32,Chiffon,Primavera
Camisa Primavera Viscose,2016-08-01,44,24,48,Viscose,Primavera
Cropped Primavera Linho,2016-08-01,18,12,24,Linho,Primavera
Saia Primavera Seda,2016-08-01,61,14,28,Seda,Primavera
Short Primavera Algodão,2016-08-01,61,18,36,Algodão,Primavera
T-shirt Primavera Poliéster,2016-08-01,55,10,20,Poliéster,Primavera
Vestido Primavera Chiffon,2016-08-01,50,30,60,Chiffon,Primavera
Saia Primavera Seda,2016-09-01,22,14,28,Seda,Primavera
Vestido Primavera Chiffon,2016-09-01,46,30,60,Chiffon,Primavera
T-shirt Primavera Poliéster,2016-09-01,48,10,20,Poliéster,Primavera
Short Primavera Algodão,2016-09-01,38,18,36,Algodão,Primavera
Cropped Primavera Linho,2016-09-01,54,12,24,Linho,Primavera
Camisa Primavera Viscose,2016-09-01,68,24,48,Viscose,Primavera
Blusa Primavera Chiffon,2016-09-01,104,16,32,Chiffon,Primavera
Bermuda Primavera Algodão,2016-09-01,63,18,36,Algodão,Primavera
Calça Primavera Linho,2016-09-01,66,22,44,Linho,Primavera
Calça Primavera Viscose,2016-09-01,58,20,40,Viscose,Primavera
Vestido Primavera Chiffon,2016-10-01,14,30,60,Chiffon,Primavera
T-shirt Primavera Poliéster,2016-10-01,60,10,20,Poliéster,Primavera
Short Primavera Algodão,2016-10-01,63,18,36,Algodão,Primavera
Saia Primavera Seda,2016-10-01,121,14,28,Seda,Primavera
Cropped Primavera Linho,2016-10-01,58,12,24,Linho,Primavera
Camisa Primavera Viscose,2016-10-01,70,24,48,Viscose,Primavera
Blusa Primavera Chiffon,2016-10-01,62,16,32,Chiffon,Primavera
Bermuda Primavera Algodão,2016-10-01,36,18,36,Algodão,Primavera
Calça Primavera Linho,2016-10-01,92,22,44,Linho,Primavera
Calça Primavera Viscose,2016-10-01,83,20,40,Viscose,Primavera
T-shirt Primavera Poliéster,2017-08-01,84,10,20,Poliéster,Primavera
Short Primavera Algodão,2017-08-01,44,18,36,Algodão,Primavera
Saia Primavera Seda,2017-08-01,100,14,28,Seda,Primavera
Vestido Primavera Chiffon,2017-08-01,33,30,60,Chiffon,Primavera
Cropped Primavera Linho,2017-08-01,81,12,24,Linho,Primavera
Blusa Primavera Chiffon,2017-08-01,120,16,32,Chiffon,Primavera
Calça Primavera Viscose,2017-08-01,44,20,40,Viscose,Primavera
Camisa Primavera Viscose,2017-08-01,55,24,48,Viscose,Primavera
Bermuda Primavera Algodão,2017-08-01,71,18,36,Algodão,Primavera
Calça Primavera Linho,2017-08-01,57,22,44,Linho,Primavera
Vestido Primavera Chiffon,2017-09-01,32,30,60,Chiffon,Primavera
T-shirt Primavera Poliéster,2017-09-01,72,10,20,Poliéster,Primavera
Short Primavera Algodão,2017-09-01,45,18,36,Algodão,Primavera
Cropped Primavera Linho,2017-09-01,82,12,24,Linho,Primavera
Saia Primavera Seda,2017-09-01,49,14,28,Seda,Primavera
Blusa Primavera Chiffon,2017-09-01,109,16,32,Chiffon,Primavera
Bermuda Primavera Algodão,2017-09-01,54,18,36,Algodão,Primavera
Calça Primavera Linho,2017-09-01,65,22,44,Linho,Primavera
Calça Primavera Viscose,2017-09-01,93,20,40,Viscose,Primavera
Camisa Primavera Viscose,2017-09-01,44,24,48,Viscose,Primavera
Vestido Primavera Chiffon,2017-10-01,80,30,60,Chiffon,Primavera
T-shirt Primavera Poliéster,2017-10-01,106,10,20,Poliéster,Primavera
Short Primavera Algodão,2017-10-01,37,18,36,Algodão,Primavera
Saia Primavera Seda,2017-10-01,80,14,28,Seda,Primavera
Cropped Primavera Linho,2017-10-01,82,12,24,Linho,Primavera
Camisa Primavera Viscose,2017-10-01,95,24,48,Viscose,Primavera
Bermuda Primavera Algodão,2017-10-01,47,18,36,Algodão,Primavera
Calça Primavera Linho,2017-10-01,46,22,44,Linho,Primavera
Calça Primavera Viscose,2017-10-01,91,20,40,Viscose,Primavera
Blusa Primavera Chiffon,2017-10-01,86,16,32,Chiffon,Primavera
Vestido Primavera Chiffon,2018-08-01,85,30,60,Chiffon,Primavera
T-shirt Primavera Poliéster,2018-08-01,88,10,20,Poliéster,Primavera
Short Primavera Algodão,2018-08-01,64,18,36,Algodão,Primavera
Saia Primavera Seda,2018-08-01,86,14,28,Seda,Primavera
Cropped Primavera Linho,2018-08-01,88,12,24,Linho,Primavera
Blusa Primavera Chiffon,2018-08-01,64,16,32,Chiffon,Primavera
Bermuda Primavera Algodão,2018-08-01,126,18,36,Algodão,Primavera
Calça Primavera Linho,2018-08-01,94,22,44,Linho,Primavera
Calça Primavera Viscose,2018-08-01,54,20,40,Viscose,Primavera
Camisa Primavera Viscose,2018-08-01,99,24,48,Viscose,Primavera
Saia Primavera Seda,2018-09-01,60,14,28,Seda,Primavera
Vestido Primavera Chiffon,2018-09-01,103,30,60,Chiffon,Primavera
T-shirt Primavera Poliéster,2018-09-01,112,10,20,Poliéster,Primavera
Short Primavera Algodão,2018-09-01,65,18,36,Algodão,Primavera
Cropped Primavera Linho,2018-09-01,108,12,24,Linho,Primavera
Camisa Primavera Viscose,2018-09-01,96,24,48,Viscose,Primavera
Blusa Primavera Chiffon,2018-09-01,106,16,32,Chiffon,Primavera
Bermuda Primavera Algodão,2018-09-01,132,18,36,Algodão,Primavera
Calça Primavera Linho,2018-09-01,81,22,44,Linho,Primavera
Calça Primavera Viscose,2018-09-01,70,20,40,Viscose,Primavera
Vestido Primavera Chiffon,2018-10-01,67,30,60,Chiffon,Primavera
T-shirt Primavera Poliéster,2018-10-01,69,10,20,Poliéster,Primavera
Short Primavera Algodão,2018-10-01,87,18,36,Algodão,Primavera
Saia Primavera Seda,2018-10-01,98,14,28,Seda,Primavera
Cropped Primavera Linho,2018-10-01,97,12,24,Linho,Primavera
Camisa Primavera Viscose,2018-10-01,110,24,48,Viscose,Primavera
Blusa Primavera Chiffon,2018-10-01,91,16,32,Chiffon,Primavera
Bermuda Primavera Algodão,2018-10-01,126,18,36,Algodão,Primavera
Calça Primavera Linho,2018-10-01,85,22,44,Linho,Primavera
Calça Primavera Viscose,2018-10-01,158,20,40,Viscose,Primavera
Vestido Primavera Chiffon,2019-08-01,108,30,60,Chiffon,Primavera
T-shirt Primavera Poliéster,2019-08-01,73,10,20,Poliéster,Primavera
Short Primavera Algodão,2019-08-01,68,18,36,Algodão,Primavera
Saia Primavera Seda,2019-08-01,106,14,28,Seda,Primavera
Cropped Primavera Linho,2019-08-01,89,12,24,Linho,Primavera
Blusa Primavera Chiffon,2019-08-01,112,16,32,Chiffon,Primavera
Bermuda Primavera Algodão,2019-08-01,107,18,36,Algodão,Primavera
Calça Primavera Linho,2019-08-01,94,22,44,Linho,Primavera
Calça Primavera Viscose,2019-08-01,76,20,40,Viscose,Primavera
Camisa Primavera Viscose,2019-08-01,61,24,48,Viscose,Primavera
Camisa Primavera Viscose,2019-09-01,87,24,48,Viscose,Primavera
Calça Primavera Viscose,2019-09-01,118,20,40,Viscose,Primavera
Calça Primavera Linho,2019-09-01,103,22,44,Linho,Primavera
Bermuda Primavera Algodão,2019-09-01,69,18,36,Algodão,Primavera
Blusa Primavera Chiffon,2019-09-01,103,16,32,Chiffon,Primavera
Cropped Primavera Linho,2019-09-01,109,12,24,Linho,Primavera
Saia Primavera Seda,2019-09-01,79,14,28,Seda,Primavera
Short Primavera Algodão,2019-09-01,104,18,36,Algodão,Primavera
T-shirt Primavera Poliéster,2019-09-01,102,10,20,Poliéster,Primavera
Vestido Primavera Chiffon,2019-09-01,74,30,60,Chiffon,Primavera
Short Primavera Algodão,2019-10-01,111,18,36,Algodão,Primavera
Saia Primavera Seda,2019-10-01,116,14,28,Seda,Primavera
Vestido Primavera Chiffon,2019-10-01,129,30,60,Chiffon,Primavera
T-shirt Primavera Poliéster,2019-10-01,129,10,20,Poliéster,Primavera
Cropped Primavera Linho,2019-10-01,71,12,24,Linho,Primavera
Camisa Primavera Viscose,2019-10-01,82,24,48,Viscose,Primavera
Blusa Primavera Chiffon,2019-10-01,117,16,32,Chiffon,Primavera
Bermuda Primavera Algodão,2019-10-01,118,18,36,Algodão,Primavera
Calça Primavera Linho,2019-10-01,118,22,44,Linho,Primavera
Calça Primavera Viscose,2019-10-01,199,20,40,Viscose,Primavera
Vestido Primavera Chiffon,2020-08-01,120,30,60,Chiffon,Primavera
T-shirt Primavera Poliéster,2020-08-01,134,10,20,Poliéster,Primavera
Short Primavera Algodão,2020-08-01,130,18,36,Algodão,Primavera
Saia Primavera Seda,2020-08-01,124,14,28,Seda,Primavera
Cropped Primavera Linho,2020-08-01,101,12,24,Linho,Primavera
Blusa Primavera Chiffon,2020-08-01,127,16,32,Chiffon,Primavera
Bermuda Primavera Algodão,2020-08-01,91,18,36,Algodão,Primavera
Calça Primavera Linho,2020-08-01,104,22,44,Linho,Primavera
Calça Primavera Viscose,2020-08-01,99,20,40,Viscose,Primavera
Camisa Primavera Viscose,2020-08-01,113,24,48,Viscose,Primavera
Saia Primavera Seda,2020-09-01,167,14,28,Seda,Primavera
Vestido Primavera Chiffon,2020-09-01,67,30,60,Chiffon,Primavera
T-shirt Primavera Poliéster,2020-09-01,129,10,20,Poliéster,Primavera
Short Primavera Algodão,2020-09-01,74,18,36,Algodão,Primavera
Cropped Primavera Linho,2020-09-01,102,12,24,Linho,Primavera
Camisa Primavera Viscose,2020-09-01,140,24,48,Viscose,Primavera
Blusa Primavera Chiffon,2020-09-01,116,16,32,Chiffon,Primavera
Bermuda Primavera Algodão,2020-09-01,89,18,36,Algodão,Primavera
Calça Primavera Linho,2020-09-01,98,22,44,Linho,Primavera
Calça Primavera Viscose,2020-09-01,132,20,40,Viscose,Primavera
Vestido Primavera Chiffon,2020-10-01,98,30,60,Chiffon,Primavera
T-shirt Primavera Poliéster,2020-10-01,122,10,20,Poliéster,Primavera
Short Primavera Algodão,2020-10-01,118,18,36,Algodão,Primavera
Saia Primavera Seda,2020-10-01,102,14,28,Seda,Primavera
Cropped Primavera Linho,2020-10-01,169,12,24,Linho,Primavera
Camisa Primavera Viscose,2020-10-01,133,24,48,Viscose,Primavera
Blusa Primavera Chiffon,2020-10-01,70,16,32,Chiffon,Primavera
Bermuda Primavera Algodão,2020-10-01,124,18,36,Algodão,Primavera
Calça Primavera Linho,2020-10-01,104,22,44,Linho,Primavera
Calça Primavera Viscose,2020-10-01,140,20,40,Viscose,Primavera
Vestido Primavera Chiffon,2021-08-01,101,30,60,Chiffon,Primavera
T-shirt Primavera Poliéster,2021-08-01,118,10,20,Poliéster,Primavera
Saia Primavera Seda,2021-08-01,134,14,28,Seda,Primavera
Cropped Primavera Linho,2021-08-01,143,12,24,Linho,Primavera
Short Primavera Algodão,2021-08-01,94,18,36,Algodão,Primavera
Blusa Primavera Chiffon,2021-08-01,115,16,32,Chiffon,Primavera
Bermuda Primavera Algodão,2021-08-01,112,18,36,Algodão,Primavera
Camisa Primavera Viscose,2021-08-01,108,24,48,Viscose,Primavera
Calça Primavera Linho,2021-08-01,167,22,44,Linho,Primavera
Calça Primavera Viscose,2021-08-01,134,20,40,Viscose,Primavera
Vestido Primavera Chiffon,2021-09-01,95,30,60,Chiffon,Primavera
T-shirt Primavera Poliéster,2021-09-01,148,10,20,Poliéster,Primavera
Short Primavera Algodão,2021-09-01,177,18,36,Algodão,Primavera
Saia Primavera Seda,2021-09-01,151,14,28,Seda,Primavera
Cropped Primavera Linho,2021-09-01,90,12,24,Linho,Primavera
Camisa Primavera Viscose,2021-09-01,116,24,48,Viscose,Primavera
Blusa Primavera Chiffon,2021-09-01,158,16,32,Chiffon,Primavera
Bermuda Primavera Algodão,2021-09-01,111,18,36,Algodão,Primavera
Calça Primavera Linho,2021-09-01,139,22,44,Linho,Primavera
Calça Primavera Viscose,2021-09-01,148,20,40,Viscose,Primavera
Vestido Primavera Chiffon,2021-10-01,107,30,60,Chiffon,Primavera
T-shirt Primavera Poliéster,2021-10-01,129,10,20,Poliéster,Primavera
Short Primavera Algodão,2021-10-01,53,18,36,Algodão,Primavera
Saia Primavera Seda,2021-10-01,107,14,28,Seda,Primavera
Cropped Primavera Linho,2021-10-01,126,12,24,Linho,Primavera
Camisa Primavera Viscose,2021-10-01,102,24,48,Viscose,Primavera
Blusa Primavera Chiffon,2021-10-01,172,16,32,Chiffon,Primavera
Bermuda Primavera Algodão,2021-10-01,99,18,36,Algodão,Primavera
Calça Primavera Linho,2021-10-01,123,22,44,Linho,Primavera
Calça Primavera Viscose,2021-10-01,137,20,40,Viscose,Primavera
Vestido Primavera Chiffon,2022-08-01,169,30,60,Chiffon,Primavera
T-shirt Primavera Poliéster,2022-08-01,100,10,20,Poliéster,Primavera
Short Primavera Algodão,2022-08-01,163,18,36,Algodão,Primavera
Saia Primavera Seda,2022-08-01,136,14,28,Seda,Primavera
Cropped Primavera Linho,2022-08-01,113,12,24,Linho,Primavera
Camisa Primavera Viscose,2022-08-01,148,24,48,Viscose,Primavera
Blusa Primavera Chiffon,2022-08-01,142,16,32,Chiffon,Primavera
Bermuda Primavera Algodão,2022-08-01,123,18,36,Algodão,Primavera
Calça Primavera Linho,2022-08-01,140,22,44,Linho,Primavera
Calça Primavera Viscose,2022-08-01,129,20,40,Viscose,Primavera
T-shirt Primavera Poliéster,2022-09-01,142,10,20,Poliéster,Primavera
Vestido Primavera Chiffon,2022-09-01,155,30,60,Chiffon,Primavera
Saia Primavera Seda,2022-09-01,178,14,28,Seda,Primavera
Cropped Primavera Linho,2022-09-01,111,12,24,Linho,Primavera
Short Primavera Algodão,2022-09-01,192,18,36,Algodão,Primavera
Blusa Primavera Chiffon,2022-09-01,94,16,32,Chiffon,Primavera
Bermuda Primavera Algodão,2022-09-01,138,18,36,Algodão,Primavera
Calça Primavera Linho,2022-09-01,156,22,44,Linho,Primavera
Calça Primavera Viscose,2022-09-01,149,20,40,Viscose,Primavera
Camisa Primavera Viscose,2022-09-01,128,24,48,Viscose,Primavera
Vestido Primavera Chiffon,2022-10-01,139,30,60,Chiffon,Primavera
T-shirt Primavera Poliéster,2022-10-01,132,10,20,Poliéster,Primavera
Short Primavera Algodão,2022-10-01,130,18,36,Algodão,Primavera
Saia Primavera Seda,2022-10-01,165,14,28,Seda,Primavera
Cropped Primavera Linho,2022-10-01,154,12,24,Linho,Primavera
Camisa Primavera Viscose,2022-10-01,129,24,48,Viscose,Primavera
Blusa Primavera Chiffon,2022-10-01,168,16,32,Chiffon,Primavera
Bermuda Primavera Algodão,2022-10-01,154,18,36,Algodão,Primavera
Calça Primavera Linho,2022-10-01,167,22,44,Linho,Primavera
Calça Primavera Viscose,2022-10-01,163,20,40,Viscose,Primavera
T-shirt Primavera Poliéster,2023-08-01,128,10,20,Poliéster,Primavera
Vestido Primavera Chiffon,2023-08-01,135,30,60,Chiffon,Primavera
Saia Primavera Seda,2023-08-01,167,14,28,Seda,Primavera
Cropped Primavera Linho,2023-08-01,164,12,24,Linho,Primavera
Short Primavera Algodão,2023-08-01,150,18,36,Algodão,Primavera
Blusa Primavera Chiffon,2023-08-01,153,16,32,Chiffon,Primavera
Bermuda Primavera Algodão,2023-08-01,182,18,36,Algodão,Primavera
Calça Primavera Linho,2023-08-01,137,22,44,Linho,Primavera
Calça Primavera Viscose,2023-08-01,165,20,40,Viscose,Primavera
Camisa Primavera Viscose,2023-08-01,148,24,48,Viscose,Primavera
Vestido Primavera Chiffon,2023-09-01,148,30,60,Chiffon,Primavera
T-shirt Primavera Poliéster,2023-09-01,180,10,20,Poliéster,Primavera
Saia Primavera Seda,2023-09-01,174,14,28,Seda,Primavera
Cropped Primavera Linho,2023-09-01,174,12,24,Linho,Primavera
Short Primavera Algodão,2023-09-01,186,18,36,Algodão,Primavera
Blusa Primavera Chiffon,2023-09-01,156,16,32,Chiffon,Primavera
Bermuda Primavera Algodão,2023-09-01,172,18,36,Algodão,Primavera
Calça Primavera Linho,2023-09-01,149,22,44,Linho,Primavera
Calça Primavera Viscose,2023-09-01,164,20,40,Viscose,Primavera
Camisa Primavera Viscose,2023-09-01,154,24,48,Viscose,Primavera
T-shirt Primavera Poliéster,2023-10-01,160,10,20,Poliéster,Primavera
Calça Primavera Viscose,2023-10-01,172,20,40,Viscose,Primavera
Calça Primavera Linho,2023-10-01,139,22,44,Linho,Primavera
Bermuda Primavera Algodão,2023-10-01,209,18,36,Algodão,Primavera
Blusa Primavera Chiffon,2023-10-01,135,16,32,Chiffon,Primavera
Camisa Primavera Viscose,2023-10-01,131,24,48,Viscose,Primavera
Cropped Primavera Linho,2023-10-01,188,12,24,Linho,Primavera
Saia Primavera Seda,2023-10-01,180,14,28,Seda,Primavera
Short Primavera Algodão,2023-10-01,176,18,36,Algodão,Primavera
Vestido Primavera Chiffon,2023-10-01,177,30,60,Chiffon,Primavera
